"holder","segment","licenses","mining_lics","hectares","main_commodities","lics_in_default_2025","lics_cancelled_2024","registry_discrepancy","likely_reason","already_researched","existing_contact"
"Lumwana Mining Co. Limited","gemstones","12","6","699256","Gold/Silver/Cobalt","6","0","NOT_FOUND_IN_PACRA_SEARCH","has corporate suffix but no registry hit — spelling variance, deregistration, or genuine absence","yes","yes"
"VS Construction & Mining Services Limited","critical_battery","3","0","174170","Manganese/Zinc/Copper","3","0","NOT_FOUND_IN_PACRA_SEARCH","has corporate suffix but no registry hit — spelling variance, deregistration, or genuine absence","yes","no"
"Euro Africa Kalengwa Mines Limited","gemstones","3","2","149593","Gold/Iron Ore/Silver","0","0","NOT_FOUND_IN_PACRA_SEARCH","has corporate suffix but no registry hit — spelling variance, deregistration, or genuine absence","yes","no"
"G & G National Wide Mining Zambia Limited","gemstones","1","0","102364","Silver/Talc-Soapstone/Quartz","1","0","NOT_FOUND_IN_PACRA_SEARCH","has corporate suffix but no registry hit — spelling variance, deregistration, or genuine absence","no","no"
"Menel Energy & Resources Limited","gold","1","0","96168","Lead/Quartz/Zinc","0","0","NOT_FOUND_IN_PACRA_SEARCH","has corporate suffix but no registry hit — spelling variance, deregistration, or genuine absence","no","no"
"Johnny's Trading co. Limited","critical_battery","1","0","96008","Manganese/Tin/Gold","0","0","NOT_FOUND_IN_PACRA_SEARCH","has corporate suffix but no registry hit — spelling variance, deregistration, or genuine absence","no","no"
"Dongsen Mining & Investment Limited","gemstones","1","0","94683","Ruby/Quartz/Zinc","1","0","NOT_FOUND_IN_PACRA_SEARCH","has corporate suffix but no registry hit — spelling variance, deregistration, or genuine absence","yes","no"
"Rigid Engine Recondition Limited","critical_battery","2","0","91235","Iron Ore/Manganese/Copper","1","0","NOT_FOUND_IN_PACRA_SEARCH","has corporate suffix but no registry hit — spelling variance, deregistration, or genuine absence","yes","no"
"Anzan Enterprises Ltd","gemstones","2","0","90259","Platinum/Iron Ore/Zinc","0","0","NOT_FOUND_IN_PACRA_SEARCH","has corporate suffix but no registry hit — spelling variance, deregistration, or genuine absence","yes","no"
"KPR Investments Limited","critical_battery","1","0","88396","Nickel/Manganese/Zinc","0","0","NOT_FOUND_IN_PACRA_SEARCH","has corporate suffix but no registry hit — spelling variance, deregistration, or genuine absence","no","no"
"Sri Karthikeya Minerals Trading Limited","critical_battery","2","0","87532","Lead/Manganese/Zinc","0","1","NOT_FOUND_IN_PACRA_SEARCH","has corporate suffix but no registry hit — spelling variance, deregistration, or genuine absence","yes","no"
"CCGM Geology and Mining (Z) Ltd","critical_battery","1","0","85678","Manganese/Gold/Copper","0","0","NOT_FOUND_IN_PACRA_SEARCH","has corporate suffix but no registry hit — spelling variance, deregistration, or genuine absence","no","no"
"Best Western Plus Lusaka Grand Hotel Limited","gemstones","2","0","81396","Iron Ore/Gold/Quartz","2","0","NOT_FOUND_IN_PACRA_SEARCH","has corporate suffix but no registry hit — spelling variance, deregistration, or genuine absence","yes","yes"
"Copperbelt Chemicals Zambia Limited","critical_battery","1","0","81311","Iron Ore/Manganese/Rare EarthsElements","0","0","NOT_FOUND_IN_PACRA_SEARCH","has corporate suffix but no registry hit — spelling variance, deregistration, or genuine absence","yes","no"
"Zhonghe Investment Group Coorperation Limited","gemstones","1","0","79205","Manganese/Nickel/Zinc","0","0","NOT_FOUND_IN_PACRA_SEARCH","has corporate suffix but no registry hit — spelling variance, deregistration, or genuine absence","no","no"
"N.I.C Investments Limited","critical_battery","1","0","77332","Nickel/Uranium/Zinc","1","1","NOT_FOUND_IN_PACRA_SEARCH","has corporate suffix but no registry hit — spelling variance, deregistration, or genuine absence","yes","no"
"CAMCO EQUIPMENT (ZAMBIA) LIMITED","critical_battery","2","0","74514","Manganese/Rare EarthsElements/Zinc","1","0","NOT_FOUND_IN_PACRA_SEARCH","has corporate suffix but no registry hit — spelling variance, deregistration, or genuine absence","yes","yes"
"SK Rural Development Company Limited","critical_battery","1","0","64773","Silver/Manganese/Tantalum","0","0","NOT_FOUND_IN_PACRA_SEARCH","has corporate suffix but no registry hit — spelling variance, deregistration, or genuine absence","no","no"
"Nash Import & Export Limited","gemstones","2","0","60964","Rare EarthsElements/Anhydrite/Zinc","0","0","NOT_FOUND_IN_PACRA_SEARCH","has corporate suffix but no registry hit — spelling variance, deregistration, or genuine absence","yes","yes"
"Gold Trap World Resources Limited","gemstones","1","0","59726","Iron Ore/Nickel/Tin","0","0","NOT_FOUND_IN_PACRA_SEARCH","has corporate suffix but no registry hit — spelling variance, deregistration, or genuine absence","no","no"
"New-MC Investment Limited","gemstones","5","0","55412","Gold/Copper/Cobalt","0","0","NOT_FOUND_IN_PACRA_SEARCH","has corporate suffix but no registry hit — spelling variance, deregistration, or genuine absence","yes","no"
"Chibaris International (Zambia) Limited","gemstones","2","0","52051","Quartz/Palladium/Niobium (Columbium)","1","0","NOT_FOUND_IN_PACRA_SEARCH","has corporate suffix but no registry hit — spelling variance, deregistration, or genuine absence","yes","no"
"Zamare Minerals ( Zambia) Limited","critical_battery","5","0","51225","Gold/Copper/Cobalt","2","0","NOT_FOUND_IN_PACRA_SEARCH","has corporate suffix but no registry hit — spelling variance, deregistration, or genuine absence","yes","yes"
"Digital African Company Limited","gemstones","2","0","50964","Iron Ore/Manganese/Gold","0","0","NOT_FOUND_IN_PACRA_SEARCH","has corporate suffix but no registry hit — spelling variance, deregistration, or genuine absence","yes","no"
"Hammer-Land Construction and Mining Limited","gemstones","4","0","49225","Iron Ore/Coal/Lead","0","0","NOT_FOUND_IN_PACRA_SEARCH","has corporate suffix but no registry hit — spelling variance, deregistration, or genuine absence","yes","no"
"P & C PRACH INVESTMENTS ZAMBIA LIMITED","critical_battery","1","0","48014","Iron Ore/Manganese/Zinc","0","0","NOT_FOUND_IN_PACRA_SEARCH","has corporate suffix but no registry hit — spelling variance, deregistration, or genuine absence","yes","no"
"Magnum Gulf Resources (Zambia) Limited","critical_battery","2","0","47698","Manganese/Limestone (General)/Dolomite","0","0","NOT_FOUND_IN_PACRA_SEARCH","has corporate suffix but no registry hit — spelling variance, deregistration, or genuine absence","yes","no"
"TCB Mines & Minerals Limited","gemstones","3","0","47659","Lead/Gold/Tourmaline","0","0","NOT_FOUND_IN_PACRA_SEARCH","has corporate suffix but no registry hit — spelling variance, deregistration, or genuine absence","yes","no"
"Omex Mining(ZAMBIA) Limited","critical_battery","3","0","46639","Gold/Zinc/Cobalt","2","0","NOT_FOUND_IN_PACRA_SEARCH","has corporate suffix but no registry hit — spelling variance, deregistration, or genuine absence","yes","no"
"Switty Properties & Real Estate Limited","critical_battery","4","0","45855","Gold/Copper/Nickel","1","0","NOT_FOUND_IN_PACRA_SEARCH","has corporate suffix but no registry hit — spelling variance, deregistration, or genuine absence","yes","yes"
"BuildFreca Construction Limited","critical_battery","1","0","45791","Gold/Nickel/Cobalt","1","0","NOT_FOUND_IN_PACRA_SEARCH","has corporate suffix but no registry hit — spelling variance, deregistration, or genuine absence","no","no"
"SINOMINE INTERNATIONAL (ZAMBIA) ENGINEERING COMPANY LIMITED","gold","2","0","44554","Malachite/Gold/Copper","0","0","NOT_FOUND_IN_PACRA_SEARCH","has corporate suffix but no registry hit — spelling variance, deregistration, or genuine absence","yes","yes"
"Meridian Mining & Exploration Limited","gemstones","1","0","44322","Gold/Lithium/Manganese","0","0","NOT_FOUND_IN_PACRA_SEARCH","has corporate suffix but no registry hit — spelling variance, deregistration, or genuine absence","yes","no"
"Lusan Indusries Ltd","gemstones","2","0","43555","Gold/Iron Ore/Cobalt","0","0","NOT_FOUND_IN_PACRA_SEARCH","has corporate suffix but no registry hit — spelling variance, deregistration, or genuine absence","yes","no"
"Far-North Enterprise Limited","critical_battery","2","0","43433","Manganese/Silver/Cobalt","0","0","NOT_FOUND_IN_PACRA_SEARCH","has corporate suffix but no registry hit — spelling variance, deregistration, or genuine absence","yes","no"
"G & G National Wide Import And Export Limited","critical_battery","2","0","41394","Tantalum/Nickel/Silver","2","0","NOT_FOUND_IN_PACRA_SEARCH","has corporate suffix but no registry hit — spelling variance, deregistration, or genuine absence","yes","no"
"W.M.M Investments Limited","critical_battery","1","0","41010","Manganese/Lead/Nickel","0","0","NOT_FOUND_IN_PACRA_SEARCH","has corporate suffix but no registry hit — spelling variance, deregistration, or genuine absence","no","no"
"Wise Suppliers Company Limited","gemstones","3","0","38124","Cobalt/Copper/Gold","0","0","NOT_FOUND_IN_PACRA_SEARCH","has corporate suffix but no registry hit — spelling variance, deregistration, or genuine absence","yes","no"
"Sino-Kasempa Minerals Limited","critical_battery","2","1","35820","Gold/Zinc/Copper","1","0","NOT_FOUND_IN_PACRA_SEARCH","has corporate suffix but no registry hit — spelling variance, deregistration, or genuine absence","yes","no"
"ZCCM IH Plc","gemstones","1","0","35819","Manganese/Limestone (General)/Silver","1","0","NOT_FOUND_IN_PACRA_SEARCH","has corporate suffix but no registry hit — spelling variance, deregistration, or genuine absence","no","no"
"Central Africa Renewable Energy Corporation Limited","critical_battery","1","0","34181","Nickel/Uranium/Zinc","1","0","NOT_FOUND_IN_PACRA_SEARCH","has corporate suffix but no registry hit — spelling variance, deregistration, or genuine absence","no","no"
"MMG (Zambia) Exploration Limited","critical_battery","4","0","33639","Silver/Nickel/Zinc","1","0","NOT_FOUND_IN_PACRA_SEARCH","has corporate suffix but no registry hit — spelling variance, deregistration, or genuine absence","yes","yes"
"Freca Mining & Manufacturing Limited","critical_battery","3","2","32964","Copper/Nickel/Silver","2","0","NOT_FOUND_IN_PACRA_SEARCH","has corporate suffix but no registry hit — spelling variance, deregistration, or genuine absence","yes","no"
"San He (Zambia) Limited","critical_battery","6","4","32155","Manganese/Copper/Cobalt","4","0","NOT_FOUND_IN_PACRA_SEARCH","has corporate suffix but no registry hit — spelling variance, deregistration, or genuine absence","yes","no"
"Zhongdi Mining Group Corp.Ltd","critical_battery","1","0","31535","Silver/Manganese/Zinc","1","0","NOT_FOUND_IN_PACRA_SEARCH","has corporate suffix but no registry hit — spelling variance, deregistration, or genuine absence","no","no"
"Yuezam Investments Company Limited","critical_battery","2","0","31474","Iron Ore/Manganese/Nickel","0","0","NOT_FOUND_IN_PACRA_SEARCH","has corporate suffix but no registry hit — spelling variance, deregistration, or genuine absence","yes","yes"
"Tawakkal Mining Equipments & Auto Spares Limited","gemstones","1","0","30460","Manganese/Limestone (General)/Tin","0","0","NOT_FOUND_IN_PACRA_SEARCH","has corporate suffix but no registry hit — spelling variance, deregistration, or genuine absence","no","no"
"Big 3 Lithium Investments Limited","critical_battery","1","0","28549","Tin/Titanium/Niobium (Columbium)","1","0","NOT_FOUND_IN_PACRA_SEARCH","has corporate suffix but no registry hit — spelling variance, deregistration, or genuine absence","yes","no"
"Bangweulu Batteries Limited","critical_battery","1","0","28191","Manganese/Lead/Uranium","0","0","NOT_FOUND_IN_PACRA_SEARCH","has corporate suffix but no registry hit — spelling variance, deregistration, or genuine absence","no","no"
"Tauraus Mineral Resources Limited","critical_battery","6","1","27651","Gold/Copper/Cobalt","1","0","NOT_FOUND_IN_PACRA_SEARCH","has corporate suffix but no registry hit — spelling variance, deregistration, or genuine absence","yes","no"
"Copper X Resources Limited","base_metals","1","0","27254","Copper","1","0","NOT_FOUND_IN_PACRA_SEARCH","has corporate suffix but no registry hit — spelling variance, deregistration, or genuine absence","yes","no"
"Strong Tower Mining Ltd","gemstones","2","1","27227","Zinc/Nickel/Quartz","1","1","NOT_FOUND_IN_PACRA_SEARCH","has corporate suffix but no registry hit — spelling variance, deregistration, or genuine absence","yes","no"
"MJF Exploration & Mining Limited","critical_battery","3","0","25238","Limestone (General)/Lead/Zinc","2","0","NOT_FOUND_IN_PACRA_SEARCH","has corporate suffix but no registry hit — spelling variance, deregistration, or genuine absence","yes","no"
"F-Net Zambia Limited","critical_battery","2","0","24385","Iron Ore/Lead/Manganese","2","1","NOT_FOUND_IN_PACRA_SEARCH","has corporate suffix but no registry hit — spelling variance, deregistration, or genuine absence","yes","no"
"Musamu Resources ltd","critical_battery","1","1","24229","Nickel/Manganese/Rare EarthsElements","1","0","NOT_FOUND_IN_PACRA_SEARCH","has corporate suffix but no registry hit — spelling variance, deregistration, or genuine absence","yes","no"
"Sino-Metals Leach Zambia Limited","base_metals","3","3","22096","Copper/","2","0","NOT_FOUND_IN_PACRA_SEARCH","has corporate suffix but no registry hit — spelling variance, deregistration, or genuine absence","yes","no"
"GEO-LOGIC RESOURCES ZAMBIA LIMITED","gemstones","1","0","21682","Gold/Tourmaline/Zinc","0","0","NOT_FOUND_IN_PACRA_SEARCH","has corporate suffix but no registry hit — spelling variance, deregistration, or genuine absence","no","no"
"Montauk Mining & Minerals Limited","gold","1","0","21488","Iron Ore/Silver/Gold","0","1","NOT_FOUND_IN_PACRA_SEARCH","has corporate suffix but no registry hit — spelling variance, deregistration, or genuine absence","yes","no"
"Trimble Spatial Zen Ltd Test","base_metals","5","0","20905","Copper","0","0","NOT_FOUND_IN_PACRA_SEARCH","has corporate suffix but no registry hit — spelling variance, deregistration, or genuine absence","yes","no"
"AMBER Investments & Mining Limited","gold","1","0","20899","Lead/Silver/Zinc","0","0","NOT_FOUND_IN_PACRA_SEARCH","has corporate suffix but no registry hit — spelling variance, deregistration, or genuine absence","yes","yes"
"Tamarisk Investments Ltd","gemstones","1","0","19616","Diamond","0","0","NOT_FOUND_IN_PACRA_SEARCH","has corporate suffix but no registry hit — spelling variance, deregistration, or genuine absence","no","no"
"Maamba Colieries Limited","gemstones","4","2","19497","Tantalum/Lithium/Amethyst","1","0","NOT_FOUND_IN_PACRA_SEARCH","has corporate suffix but no registry hit — spelling variance, deregistration, or genuine absence","yes","yes"
"Bans Country wide Tours Limited","critical_battery","1","0","19002","Lead/Iron Ore/Lithium","1","0","NOT_FOUND_IN_PACRA_SEARCH","has corporate suffix but no registry hit — spelling variance, deregistration, or genuine absence","no","no"
"Kwikfix Engineering Limited","gold","1","0","18758","Gold/Copper/Cobalt","1","0","NOT_FOUND_IN_PACRA_SEARCH","has corporate suffix but no registry hit — spelling variance, deregistration, or genuine absence","yes","yes"
"Rio Tinto Exploration Zambia Ltd","gemstones","1","0","18514","Rare EarthsElements/Niobium (Columbium)/Nickel","1","0","NOT_FOUND_IN_PACRA_SEARCH","has corporate suffix but no registry hit — spelling variance, deregistration, or genuine absence","no","no"
"Nisco Industries Ltd","critical_battery","2","0","18343","Lead/Gold/Coal","0","0","NOT_FOUND_IN_PACRA_SEARCH","has corporate suffix but no registry hit — spelling variance, deregistration, or genuine absence","yes","yes"
"Zambian Goldcommon Resources Holdings Ltd","critical_battery","1","0","18237","Iron Ore/Nickel/Uranium","0","0","NOT_FOUND_IN_PACRA_SEARCH","has corporate suffix but no registry hit — spelling variance, deregistration, or genuine absence","no","no"
"DONZAM EXPLORATION & MINING ZAMBIA LIMITED","gemstones","3","0","17950","Iron Ore/Nickel/Zinc","0","0","NOT_FOUND_IN_PACRA_SEARCH","has corporate suffix but no registry hit — spelling variance, deregistration, or genuine absence","yes","no"
"Horizon Freight Serices Limited","critical_battery","2","0","17550","Nickel/Manganese/Zinc","0","0","NOT_FOUND_IN_PACRA_SEARCH","has corporate suffix but no registry hit — spelling variance, deregistration, or genuine absence","yes","yes"
"Gold Co Corporation Zambia Limited","critical_battery","1","0","15889","Molybdenum/Iron Ore/Tin","0","0","NOT_FOUND_IN_PACRA_SEARCH","has corporate suffix but no registry hit — spelling variance, deregistration, or genuine absence","yes","no"
"Headframe Resources (Z) Ltd","critical_battery","2","0","15341","Rare EarthsElements/Nickel/Zinc","1","1","NOT_FOUND_IN_PACRA_SEARCH","has corporate suffix but no registry hit — spelling variance, deregistration, or genuine absence","no","no"
"Maxglobal Ferro Alloys Limited","critical_battery","2","1","14903","Manganese","2","0","NOT_FOUND_IN_PACRA_SEARCH","has corporate suffix but no registry hit — spelling variance, deregistration, or genuine absence","yes","no"
"SGC Investments Limited","critical_battery","2","0","14285","Lithium/Limestone (General)/Lead","0","0","NOT_FOUND_IN_PACRA_SEARCH","has corporate suffix but no registry hit — spelling variance, deregistration, or genuine absence","no","no"
"One Candle (Zambia) Limited","critical_battery","1","0","14025","Manganese/Lead/Nickel","0","0","NOT_FOUND_IN_PACRA_SEARCH","has corporate suffix but no registry hit — spelling variance, deregistration, or genuine absence","no","no"
"Headframe Resources (Zambia) Limited","critical_battery","1","0","13549","Nickel/Lead/Zinc","1","0","NOT_FOUND_IN_PACRA_SEARCH","has corporate suffix but no registry hit — spelling variance, deregistration, or genuine absence","no","no"
"Marriot Industries Limited","critical_battery","3","0","13482","Iron Ore/Manganese/Copper","3","0","NOT_FOUND_IN_PACRA_SEARCH","has corporate suffix but no registry hit — spelling variance, deregistration, or genuine absence","yes","no"
"B.C.N INTERNATIONAL LIMITED","gemstones","1","0","11585","Gold/Lithium/Copper","0","0","NOT_FOUND_IN_PACRA_SEARCH","has corporate suffix but no registry hit — spelling variance, deregistration, or genuine absence","no","no"
"Tawakkal Gems Investments Co. Limited","gemstones","4","1","11423","Copper/Gold/Zinc","2","1","NOT_FOUND_IN_PACRA_SEARCH","has corporate suffix but no registry hit — spelling variance, deregistration, or genuine absence","yes","no"
"First Quantum Mining & Operations Limited","critical_battery","1","1","10898","Silver/Zinc/Nickel","1","0","NOT_FOUND_IN_PACRA_SEARCH","has corporate suffix but no registry hit — spelling variance, deregistration, or genuine absence","yes","yes"
"Brockworth Exploration & Mining Limited","industrial_minerals","1","0","10696","Anhydrite/Gypsum","0","1","NOT_FOUND_IN_PACRA_SEARCH","has corporate suffix but no registry hit — spelling variance, deregistration, or genuine absence","yes","no"
"WEALTHYBAY MINING COMPANY LIMITED","critical_battery","1","0","10009","Nickel/Silver/Zinc","0","0","NOT_FOUND_IN_PACRA_SEARCH","has corporate suffix but no registry hit — spelling variance, deregistration, or genuine absence","no","no"
"Jedna Agri-Trade Limited","critical_battery","1","0","9182","Iron Ore/Anhydrite/Manganese","0","0","NOT_FOUND_IN_PACRA_SEARCH","has corporate suffix but no registry hit — spelling variance, deregistration, or genuine absence","no","no"
"V.L Investment Company Limited","gemstones","1","0","9111","Malachite/Lead/Nickel","0","0","NOT_FOUND_IN_PACRA_SEARCH","has corporate suffix but no registry hit — spelling variance, deregistration, or genuine absence","no","no"
"Jing De Zham Enterprises Ltd","critical_battery","1","0","8935","Platinum Group Metals/Nickel/Silver","1","1","NOT_FOUND_IN_PACRA_SEARCH","has corporate suffix but no registry hit — spelling variance, deregistration, or genuine absence","no","no"
"Ba'al-Perazim Limited","critical_battery","3","1","8784","Gold/Copper/Manganese","2","1","NOT_FOUND_IN_PACRA_SEARCH","has corporate suffix but no registry hit — spelling variance, deregistration, or genuine absence","yes","yes"
"Tonawanda Procurement Limited","gemstones","3","0","8582","Iron Ore/Manganese/Gold","2","0","NOT_FOUND_IN_PACRA_SEARCH","has corporate suffix but no registry hit — spelling variance, deregistration, or genuine absence","yes","yes"
"Mwaphi Investmnet limited","gemstones","1","0","8369","Gold/Manganese/Zinc","0","0","NOT_FOUND_IN_PACRA_SEARCH","has corporate suffix but no registry hit — spelling variance, deregistration, or genuine absence","yes","no"
"Redspot Intertrade Limited","critical_battery","1","0","8265","Lead/Iron Ore/Lithium","1","0","NOT_FOUND_IN_PACRA_SEARCH","has corporate suffix but no registry hit — spelling variance, deregistration, or genuine absence","no","no"
"Hot-Spring Oils Company Limited","critical_battery","2","0","8225","Lead/Manganese/Zinc","1","0","NOT_FOUND_IN_PACRA_SEARCH","has corporate suffix but no registry hit — spelling variance, deregistration, or genuine absence","no","no"
"Novo Resouces Zambia Limited","gemstones","3","0","8134","Gold/Copper/Cobalt","1","1","NOT_FOUND_IN_PACRA_SEARCH","has corporate suffix but no registry hit — spelling variance, deregistration, or genuine absence","yes","no"
"Myanango Enterprises Company Limited","industrial_minerals","2","0","8089","Silica/Granite","2","0","NOT_FOUND_IN_PACRA_SEARCH","has corporate suffix but no registry hit — spelling variance, deregistration, or genuine absence","yes","no"
"Uni-African Mining and Energy Corporation Limited","gemstones","2","0","7949","Iron Ore/Lead/Zinc","1","0","NOT_FOUND_IN_PACRA_SEARCH","has corporate suffix but no registry hit — spelling variance, deregistration, or genuine absence","no","no"
"Zambian East Mining Corporation Ltd","gemstones","1","0","7792","Manganese/Iron Ore/Zinc","1","0","NOT_FOUND_IN_PACRA_SEARCH","has corporate suffix but no registry hit — spelling variance, deregistration, or genuine absence","no","no"
"Sino Great Development Company(Zambia) Limited","critical_battery","1","0","7592","Tin/Tantalum/Zinc","0","0","NOT_FOUND_IN_PACRA_SEARCH","has corporate suffix but no registry hit — spelling variance, deregistration, or genuine absence","no","no"
"Lords Craftsmen Enterprises Limited","critical_battery","1","0","7390","Nickel/Silver/Zinc","1","0","NOT_FOUND_IN_PACRA_SEARCH","has corporate suffix but no registry hit — spelling variance, deregistration, or genuine absence","no","no"
"Cornerstone Resources Mining & Explorations Limited","critical_battery","1","0","7175","Gold/Manganese/Silver","1","0","NOT_FOUND_IN_PACRA_SEARCH","has corporate suffix but no registry hit — spelling variance, deregistration, or genuine absence","no","no"
"Copper Zone Resources Ltd","critical_battery","1","0","7147","Rare EarthsElements/Manganese/Uranium","0","0","NOT_FOUND_IN_PACRA_SEARCH","has corporate suffix but no registry hit — spelling variance, deregistration, or genuine absence","no","no"
"Changa-Changa Exploration Limited","critical_battery","1","0","6911","Lead/Manganese/Zinc","0","1","NOT_FOUND_IN_PACRA_SEARCH","has corporate suffix but no registry hit — spelling variance, deregistration, or genuine absence","yes","no"
"Misambo Enterprise & agro Limited","critical_battery","1","0","6900","Manganese/Silver/Gold","0","0","NOT_FOUND_IN_PACRA_SEARCH","has corporate suffix but no registry hit — spelling variance, deregistration, or genuine absence","no","no"
"Mowen Resourses Limited","gemstones","1","0","6560","Malachite/Iron Ore/Zinc","0","0","NOT_FOUND_IN_PACRA_SEARCH","has corporate suffix but no registry hit — spelling variance, deregistration, or genuine absence","yes","no"
"Gold tech resources zambia limited","gold","1","0","6311","Iron Ore/Limestone (General)/Gold","1","0","NOT_FOUND_IN_PACRA_SEARCH","has corporate suffix but no registry hit — spelling variance, deregistration, or genuine absence","no","no"
"Feldon & Camara Mining Limited","critical_battery","2","0","5984","Nickel/Zinc/Iron Ore","0","0","NOT_FOUND_IN_PACRA_SEARCH","has corporate suffix but no registry hit — spelling variance, deregistration, or genuine absence","yes","no"
"Kilajits Engineering & Logistics Zambia Limited","critical_battery","2","0","5289","Lead/Copper/Cobalt","2","1","NOT_FOUND_IN_PACRA_SEARCH","has corporate suffix but no registry hit — spelling variance, deregistration, or genuine absence","no","no"
"Stewes Mineral Resources Limited","critical_battery","1","0","5227","Lithium/Manganese/Gold","0","0","NOT_FOUND_IN_PACRA_SEARCH","has corporate suffix but no registry hit — spelling variance, deregistration, or genuine absence","yes","no"
"Oscarios Mining & Exploration Limited","critical_battery","3","0","4649","Lead/Manganese/Zinc","2","0","NOT_FOUND_IN_PACRA_SEARCH","has corporate suffix but no registry hit — spelling variance, deregistration, or genuine absence","yes","no"
"Sulwaitech Services Limited","gemstones","8","0","4519","Copper/Zinc/Gold","8","0","NOT_FOUND_IN_PACRA_SEARCH","has corporate suffix but no registry hit — spelling variance, deregistration, or genuine absence","yes","no"
"Dexing Zambia Metallurgical Mining Company Limited","gold","1","0","4275","Malachite/Silver/Zinc","0","0","NOT_FOUND_IN_PACRA_SEARCH","has corporate suffix but no registry hit — spelling variance, deregistration, or genuine absence","yes","no"
"Mkushi-Serenje Investments Limited","gemstones","3","0","4239","Quartz/Gold/Copper","3","0","NOT_FOUND_IN_PACRA_SEARCH","has corporate suffix but no registry hit — spelling variance, deregistration, or genuine absence","yes","no"
"Iwin Group Limited; Iwin Minerals Limited","critical_battery","1","0","4136","Nickel/Quartz/Silver","1","0","NOT_FOUND_IN_PACRA_SEARCH","has corporate suffix but no registry hit — spelling variance, deregistration, or genuine absence","no","no"
"Mukoleku Security Services LTD","critical_battery","1","0","4124","Platinum/Mineral Sands/Rare EarthsElements","1","0","NOT_FOUND_IN_PACRA_SEARCH","has corporate suffix but no registry hit — spelling variance, deregistration, or genuine absence","no","no"
"Gemaguo Mining and Contractors Limited","gemstones","1","0","4113","Silver/Manganese/Zinc","1","0","NOT_FOUND_IN_PACRA_SEARCH","has corporate suffix but no registry hit — spelling variance, deregistration, or genuine absence","yes","no"
"Marjohn Lukeka Mining & Exploration Company Limited","critical_battery","1","0","3555","Iron Ore/Manganese/Zinc","0","0","NOT_FOUND_IN_PACRA_SEARCH","has corporate suffix but no registry hit — spelling variance, deregistration, or genuine absence","no","no"
"Phenomenal Mining Company Limited","critical_battery","4","0","3455","Manganese/Malachite/Feldspar","0","0","NOT_FOUND_IN_PACRA_SEARCH","has corporate suffix but no registry hit — spelling variance, deregistration, or genuine absence","yes","no"
"Millenium Business systems Ltd","critical_battery","2","0","3314","Manganese/Gold/Niobium (Columbium)","2","1","NOT_FOUND_IN_PACRA_SEARCH","has corporate suffix but no registry hit — spelling variance, deregistration, or genuine absence","no","no"
"Happy Hills Minerals Limited","critical_battery","1","0","3150","Gold/Manganese/Cobalt","1","0","NOT_FOUND_IN_PACRA_SEARCH","has corporate suffix but no registry hit — spelling variance, deregistration, or genuine absence","no","no"
"damashi resources limited.","gemstones","1","0","3141","Limestone (General)/Iron Ore/Quartz","0","0","NOT_FOUND_IN_PACRA_SEARCH","has corporate suffix but no registry hit — spelling variance, deregistration, or genuine absence","no","no"
"Joe's Earthworks and Mining Ltd","critical_battery","1","0","3086","Molybdenum/Manganese/Nickel","0","0","NOT_FOUND_IN_PACRA_SEARCH","has corporate suffix but no registry hit — spelling variance, deregistration, or genuine absence","no","no"
"Kadam Manja Mining Company Limited","gold","1","0","3045","Gold/Silver/Cobalt","0","0","NOT_FOUND_IN_PACRA_SEARCH","has corporate suffix but no registry hit — spelling variance, deregistration, or genuine absence","no","no"
"Uni Mining and Construction Zambia Limited","gemstones","1","1","2941","Garnet/Tantalum/Tin","1","0","NOT_FOUND_IN_PACRA_SEARCH","has corporate suffix but no registry hit — spelling variance, deregistration, or genuine absence","yes","no"
"SK Civil Worksmen and Construction LTD","gemstones","4","0","2909","Nickel/Lead/Zinc","3","0","NOT_FOUND_IN_PACRA_SEARCH","has corporate suffix but no registry hit — spelling variance, deregistration, or genuine absence","yes","no"
"Jufa Transport & Logistics Limited","critical_battery","2","0","2885","Silver/Zinc/Gold","0","0","NOT_FOUND_IN_PACRA_SEARCH","has corporate suffix but no registry hit — spelling variance, deregistration, or genuine absence","yes","no"
"S.One Enterprises Limited","gemstones","2","0","2768","Iron Ore/Manganese/Zinc","0","0","NOT_FOUND_IN_PACRA_SEARCH","has corporate suffix but no registry hit — spelling variance, deregistration, or genuine absence","no","no"
"Giant Rock Mining Limited","gemstones","1","0","2519","Malachite/Lead/Nickel","1","0","NOT_FOUND_IN_PACRA_SEARCH","has corporate suffix but no registry hit — spelling variance, deregistration, or genuine absence","no","no"
"Geofreight Clearing, Forwarding and Trucking Limited","critical_battery","2","0","2415","Manganese/Silver/Tin","0","0","NOT_FOUND_IN_PACRA_SEARCH","has corporate suffix but no registry hit — spelling variance, deregistration, or genuine absence","no","no"
"ZCCM - IH Investments Holdings Plc","critical_battery","3","1","2349","Cobalt/Sand and Gravel/Copper","0","0","NOT_FOUND_IN_PACRA_SEARCH","has corporate suffix but no registry hit — spelling variance, deregistration, or genuine absence","yes","yes"
"D.M Transport & Logistics Limited","gemstones","2","0","2344","Rare EarthsElements/Quartz/Manganese","1","0","NOT_FOUND_IN_PACRA_SEARCH","has corporate suffix but no registry hit — spelling variance, deregistration, or genuine absence","no","no"
"ZAMJIE TRANSPOTATION LIMITED","critical_battery","1","0","2296","Nickel/Manganese/Zinc","0","0","NOT_FOUND_IN_PACRA_SEARCH","has corporate suffix but no registry hit — spelling variance, deregistration, or genuine absence","no","no"
"Black Diamond Mining & Minerals Limited","critical_battery","4","1","1998","Manganese/Copper/Gold","1","0","NOT_FOUND_IN_PACRA_SEARCH","has corporate suffix but no registry hit — spelling variance, deregistration, or genuine absence","yes","no"
"Jasper-Oko Berly Zambia Limited","gemstones","3","1","1962","Emerald/Tin/Zinc","0","1","NOT_FOUND_IN_PACRA_SEARCH","has corporate suffix but no registry hit — spelling variance, deregistration, or genuine absence","yes","yes"
"Chipanshya Construction Limited; Chipanshya Construction Limited","critical_battery","2","0","1869","Gold/Copper/Cobalt","1","0","NOT_FOUND_IN_PACRA_SEARCH","has corporate suffix but no registry hit — spelling variance, deregistration, or genuine absence","no","no"
"Chibaris International(Zambia)Limited","gemstones","1","0","1776","Rare EarthsElements/Niobium (Columbium)/Nickel","1","0","NOT_FOUND_IN_PACRA_SEARCH","has corporate suffix but no registry hit — spelling variance, deregistration, or genuine absence","yes","yes"
"Leveka Mining Ltd","gemstones","3","1","1665","Gold/Copper/Manganese","1","0","NOT_FOUND_IN_PACRA_SEARCH","has corporate suffix but no registry hit — spelling variance, deregistration, or genuine absence","yes","no"
"IBAS Trades Limited","critical_battery","3","3","1553","Gold/Nickel/Silver","1","0","NOT_FOUND_IN_PACRA_SEARCH","has corporate suffix but no registry hit — spelling variance, deregistration, or genuine absence","yes","no"
"Fertilizer Commodities (Z) Limited","gold","1","0","1512","Gold/Iron Ore/Cobalt","1","1","NOT_FOUND_IN_PACRA_SEARCH","has corporate suffix but no registry hit — spelling variance, deregistration, or genuine absence","no","no"
"Qayshuan International Zambia Limited","critical_battery","1","0","1479","Iron Ore/Nickel/Gold","1","0","NOT_FOUND_IN_PACRA_SEARCH","has corporate suffix but no registry hit — spelling variance, deregistration, or genuine absence","no","no"
"Zam-Kirin Mining Limited","gemstones","2","0","1436","Quartz/Tourmaline/Aquamarine","2","0","NOT_FOUND_IN_PACRA_SEARCH","has corporate suffix but no registry hit — spelling variance, deregistration, or genuine absence","yes","no"
"S.B Mineral Resources Limited","gemstones","2","0","1375","Rare EarthsElements/Manganese/Quartz","2","0","NOT_FOUND_IN_PACRA_SEARCH","has corporate suffix but no registry hit — spelling variance, deregistration, or genuine absence","no","no"
"Bomal Mining & Agriculture Enterprises Limited","gemstones","2","0","1369","Tin/Tourmaline/Tungsten","0","0","NOT_FOUND_IN_PACRA_SEARCH","has corporate suffix but no registry hit — spelling variance, deregistration, or genuine absence","no","no"
"Sajarke Resources Limited","critical_battery","1","0","1324","Iron Ore/Manganese/Copper","1","0","NOT_FOUND_IN_PACRA_SEARCH","has corporate suffix but no registry hit — spelling variance, deregistration, or genuine absence","no","no"
"A.Argente and Company Limited","critical_battery","3","0","1318","Iron Ore/Manganese/Gold","1","0","NOT_FOUND_IN_PACRA_SEARCH","has corporate suffix but no registry hit — spelling variance, deregistration, or genuine absence","yes","no"
"Freshpoint Mining Enterprises & General Suppliers Limited","gemstones","2","0","1300","Gold/Copper/Amethyst","2","0","NOT_FOUND_IN_PACRA_SEARCH","has corporate suffix but no registry hit — spelling variance, deregistration, or genuine absence","no","no"
"Bumpekete Mining & Exploration Limited","critical_battery","2","1","1286","Iron Ore/Manganese/Zinc","1","1","NOT_FOUND_IN_PACRA_SEARCH","has corporate suffix but no registry hit — spelling variance, deregistration, or genuine absence","yes","no"
"Gehaanto Enterprises Limited","gemstones","1","0","1278","Silver/Tourmaline/Iron Ore","0","1","NOT_FOUND_IN_PACRA_SEARCH","has corporate suffix but no registry hit — spelling variance, deregistration, or genuine absence","no","no"
"J.S.Moyo Farms Limited","critical_battery","4","4","1219","Sand and Gravel/Iron Ore/Silica","4","0","NOT_FOUND_IN_PACRA_SEARCH","has corporate suffix but no registry hit — spelling variance, deregistration, or genuine absence","yes","no"
"Kamdec Investments Ltd","critical_battery","3","3","1170","Iron Ore/Gold/Manganese","0","3","NOT_FOUND_IN_PACRA_SEARCH","has corporate suffix but no registry hit — spelling variance, deregistration, or genuine absence","yes","yes"
"KAMPELEMBE CSS MINES LIMITED","critical_battery","4","4","1129","Manganese/Iron Ore/Copper","3","0","NOT_FOUND_IN_PACRA_SEARCH","has corporate suffix but no registry hit — spelling variance, deregistration, or genuine absence","yes","no"
"Haizhou Mining Resources Co. Limited","gold","2","0","1104","Iron Ore/Silver/Gold","1","0","NOT_FOUND_IN_PACRA_SEARCH","has corporate suffix but no registry hit — spelling variance, deregistration, or genuine absence","no","no"
"Hua-Jiang Investments Limited","critical_battery","1","0","1094","Nickel/Lead/Silver","0","0","NOT_FOUND_IN_PACRA_SEARCH","has corporate suffix but no registry hit — spelling variance, deregistration, or genuine absence","no","no"
"Chavuma Mineral Resources Limited","gemstones","1","0","1075","Anhydrite/Gypsum/Gold","1","0","NOT_FOUND_IN_PACRA_SEARCH","has corporate suffix but no registry hit — spelling variance, deregistration, or genuine absence","no","no"
"China Copper Mines Ltd","gold","1","1","1014","Gold/Copper/Cobalt","1","0","NOT_FOUND_IN_PACRA_SEARCH","has corporate suffix but no registry hit — spelling variance, deregistration, or genuine absence","yes","yes"
"Tawakkal Gems Investments Co. Ltd","gemstones","3","1","997","Emerald/Quartz/Manganese","1","0","NOT_FOUND_IN_PACRA_SEARCH","has corporate suffix but no registry hit — spelling variance, deregistration, or genuine absence","yes","no"
"Mublecha Enteprises Limited","critical_battery","1","0","989","Manganese/Zinc/Gold","1","0","NOT_FOUND_IN_PACRA_SEARCH","has corporate suffix but no registry hit — spelling variance, deregistration, or genuine absence","yes","no"
"Firmato Investiment Limited","critical_battery","1","0","982","Manganese/Zinc/Iron Ore","1","0","NOT_FOUND_IN_PACRA_SEARCH","has corporate suffix but no registry hit — spelling variance, deregistration, or genuine absence","yes","no"
"Northdale Explorations & Logistics Limited","industrial_minerals","1","0","979","Stone/Silica/Crushed/Broken Stone","0","0","NOT_FOUND_IN_PACRA_SEARCH","has corporate suffix but no registry hit — spelling variance, deregistration, or genuine absence","yes","no"
"Alpine Prperties Limited","critical_battery","1","0","972","Iron Ore/Nickel/Zinc","1","1","NOT_FOUND_IN_PACRA_SEARCH","has corporate suffix but no registry hit — spelling variance, deregistration, or genuine absence","no","no"
"Negro F-Solutions Limited","critical_battery","1","0","952","Manganese/Lead/Zinc","1","0","NOT_FOUND_IN_PACRA_SEARCH","has corporate suffix but no registry hit — spelling variance, deregistration, or genuine absence","no","no"
"Delta-Zone Mining & Exploration Limited","gemstones","1","0","951","Nickel/Manganese/Quartz","0","0","NOT_FOUND_IN_PACRA_SEARCH","has corporate suffix but no registry hit — spelling variance, deregistration, or genuine absence","no","no"
"Mutobo Mining & General Dealers Limited","gemstones","1","0","945","Diamond/Emerald/Quartz","1","0","NOT_FOUND_IN_PACRA_SEARCH","has corporate suffix but no registry hit — spelling variance, deregistration, or genuine absence","no","no"
"ZCCM Gold Limited","critical_battery","2","1","945","Gold/Copper/Cobalt","0","0","NOT_FOUND_IN_PACRA_SEARCH","has corporate suffix but no registry hit — spelling variance, deregistration, or genuine absence","yes","yes"
"KMC Engineering & Construction Limited","critical_battery","1","0","944","Nickel/Manganese/Quartz","0","0","NOT_FOUND_IN_PACRA_SEARCH","has corporate suffix but no registry hit — spelling variance, deregistration, or genuine absence","no","no"
"East-Tech Investments Limited","critical_battery","1","0","912","Tin/Coal","1","1","NOT_FOUND_IN_PACRA_SEARCH","has corporate suffix but no registry hit — spelling variance, deregistration, or genuine absence","no","no"
"Pladoc Enterprises Limited","gemstones","1","0","901","Limestone (General)/Lead/Iron Ore","0","0","NOT_FOUND_IN_PACRA_SEARCH","has corporate suffix but no registry hit — spelling variance, deregistration, or genuine absence","no","no"
"Talang Mining Co. Limited","gemstones","2","1","887","Amethyst/Quartz","1","0","NOT_FOUND_IN_PACRA_SEARCH","has corporate suffix but no registry hit — spelling variance, deregistration, or genuine absence","yes","no"
"Genem MINERAL LIMITED","critical_battery","4","0","865","Gold/Copper/Iron Ore","2","0","NOT_FOUND_IN_PACRA_SEARCH","has corporate suffix but no registry hit — spelling variance, deregistration, or genuine absence","yes","no"
"A.M Aggeliki Maria Consulting Solutions Limited","critical_battery","1","1","839","Palladium/Nickel/Platinum","1","0","NOT_FOUND_IN_PACRA_SEARCH","has corporate suffix but no registry hit — spelling variance, deregistration, or genuine absence","yes","no"
"Rock Trapper mining Limited","gemstones","1","0","829","Quartz/Manganese/Zinc","0","0","NOT_FOUND_IN_PACRA_SEARCH","has corporate suffix but no registry hit — spelling variance, deregistration, or genuine absence","no","no"
"Zombe-Tec Investments Ltd","critical_battery","2","1","799","Manganese/Zinc/Iron Ore","0","0","NOT_FOUND_IN_PACRA_SEARCH","has corporate suffix but no registry hit — spelling variance, deregistration, or genuine absence","yes","no"
"Incara Company (Zambia) Limited","gemstones","1","0","769","Quartz/Tourmaline/Gold","1","0","NOT_FOUND_IN_PACRA_SEARCH","has corporate suffix but no registry hit — spelling variance, deregistration, or genuine absence","no","no"
"Roseberry Stone & Tile Limited","construction_materials","2","2","754","Stone","2","0","NOT_FOUND_IN_PACRA_SEARCH","has corporate suffix but no registry hit — spelling variance, deregistration, or genuine absence","yes","no"
"PCB Mining Limited","critical_battery","2","1","751","Manganese/Lead/Zinc","2","0","NOT_FOUND_IN_PACRA_SEARCH","has corporate suffix but no registry hit — spelling variance, deregistration, or genuine absence","yes","no"
"Samstone crushing limited","gold","1","0","747","Lead/Limestone (General)/Uranium","1","0","NOT_FOUND_IN_PACRA_SEARCH","has corporate suffix but no registry hit — spelling variance, deregistration, or genuine absence","no","no"
"Unirite Investments Limited","critical_battery","1","0","747","Manganese/Quartz/Iron Ore","1","1","NOT_FOUND_IN_PACRA_SEARCH","has corporate suffix but no registry hit — spelling variance, deregistration, or genuine absence","no","no"
"AgenaCorp Zambia Ltd","critical_battery","1","0","745","Silver/Tantalum/Palladium","1","0","NOT_FOUND_IN_PACRA_SEARCH","has corporate suffix but no registry hit — spelling variance, deregistration, or genuine absence","no","no"
"Roan Mineral Resources Company Ltd","critical_battery","1","0","731","Nickel/Manganese/Zinc","1","1","NOT_FOUND_IN_PACRA_SEARCH","has corporate suffix but no registry hit — spelling variance, deregistration, or genuine absence","yes","no"
"WI-PAY FINANCE LIMITED","gemstones","1","0","719","Gravel/Fluorine-Fluorite/Limestone (General)","0","0","NOT_FOUND_IN_PACRA_SEARCH","has corporate suffix but no registry hit — spelling variance, deregistration, or genuine absence","no","no"
"Sekanji Suppliers Limited","critical_battery","1","0","680","Silica/Quartz/Titanium","1","0","NOT_FOUND_IN_PACRA_SEARCH","has corporate suffix but no registry hit — spelling variance, deregistration, or genuine absence","no","no"
"SINO-ARAB Investments Limited","critical_battery","1","0","670","Iron Ore/Manganese/Zinc","0","0","NOT_FOUND_IN_PACRA_SEARCH","has corporate suffix but no registry hit — spelling variance, deregistration, or genuine absence","no","no"
"Lubuchi geo-consultancy Limited","critical_battery","1","0","653","Iron Ore/Manganese/Gold","0","0","NOT_FOUND_IN_PACRA_SEARCH","has corporate suffix but no registry hit — spelling variance, deregistration, or genuine absence","no","no"
"B&G Holdings Limited","gold","1","0","652","Iron Ore/Malachite/Gold","1","0","NOT_FOUND_IN_PACRA_SEARCH","has corporate suffix but no registry hit — spelling variance, deregistration, or genuine absence","no","no"
"New Generation Invesment Limited","gemstones","1","0","642","Rare EarthsElements/Niobium (Columbium)/Nickel","0","0","NOT_FOUND_IN_PACRA_SEARCH","has corporate suffix but no registry hit — spelling variance, deregistration, or genuine absence","no","no"
"Kampelembe CSS Mines Ltd","critical_battery","2","2","638","Manganese/Iron Ore/Copper","2","0","NOT_FOUND_IN_PACRA_SEARCH","has corporate suffix but no registry hit — spelling variance, deregistration, or genuine absence","yes","no"
"M & L Prudent Solutions Limited","gold","2","2","594","Gold/Quartz/Fluorine-Fluorite","2","0","NOT_FOUND_IN_PACRA_SEARCH","has corporate suffix but no registry hit — spelling variance, deregistration, or genuine absence","yes","no"
"Nicho Cargo Services Limited","gemstones","1","0","565","Iron Ore/Quartz/Zinc","0","0","NOT_FOUND_IN_PACRA_SEARCH","has corporate suffix but no registry hit — spelling variance, deregistration, or genuine absence","no","no"
"Pricems Mining & Trading Limited","critical_battery","1","0","563","Iron Ore/Manganese/Silver","0","1","NOT_FOUND_IN_PACRA_SEARCH","has corporate suffix but no registry hit — spelling variance, deregistration, or genuine absence","no","no"
"AMADON INVESTMENT LIMITED","base_metals","2","0","543","Limestone (General)/Sand/Feldspar","0","0","NOT_FOUND_IN_PACRA_SEARCH","has corporate suffix but no registry hit — spelling variance, deregistration, or genuine absence","yes","no"
"Koeshma Business Ventures LTD","critical_battery","1","0","524","Rare EarthsElements/Silica/Silver","0","0","NOT_FOUND_IN_PACRA_SEARCH","has corporate suffix but no registry hit — spelling variance, deregistration, or genuine absence","yes","yes"
"Nyakaula Gemstones (2019) Limited","gemstones","2","2","512","Gold/Manganese/Cobalt","2","2","NOT_FOUND_IN_PACRA_SEARCH","has corporate suffix but no registry hit — spelling variance, deregistration, or genuine absence","yes","no"
"Azadi Investment Limited","critical_battery","1","0","493","Lead/Manganese/Zinc","1","1","NOT_FOUND_IN_PACRA_SEARCH","has corporate suffix but no registry hit — spelling variance, deregistration, or genuine absence","no","no"
"Musamani Minerals and Agric. Limited","base_metals","1","1","476","Copper","1","1","NOT_FOUND_IN_PACRA_SEARCH","has corporate suffix but no registry hit — spelling variance, deregistration, or genuine absence","yes","no"
"Southlink Resources limited","gold","1","0","473","Gold/Copper/Cobalt","1","0","NOT_FOUND_IN_PACRA_SEARCH","has corporate suffix but no registry hit — spelling variance, deregistration, or genuine absence","no","no"
"AFRICAN GOLD TRADERS LIMITED","gemstones","1","0","451","Quartz/Silica/Manganese","1","0","NOT_FOUND_IN_PACRA_SEARCH","has corporate suffix but no registry hit — spelling variance, deregistration, or genuine absence","no","no"
"V.L Coal Mine Company Limited","gemstones","1","0","451","Tantalum/Granite/Tourmaline","1","0","NOT_FOUND_IN_PACRA_SEARCH","has corporate suffix but no registry hit — spelling variance, deregistration, or genuine absence","no","no"
"Plate Techtonics Zambia Limited","gemstones","2","0","439","Lead/Limestone (General)/Anhydrite","0","0","NOT_FOUND_IN_PACRA_SEARCH","has corporate suffix but no registry hit — spelling variance, deregistration, or genuine absence","yes","no"
"Syra Enterprises Limited","critical_battery","1","0","430","Limestone (General)/Manganese/Silica","0","1","NOT_FOUND_IN_PACRA_SEARCH","has corporate suffix but no registry hit — spelling variance, deregistration, or genuine absence","no","no"
"Mpaso Mining Company Ltd","gemstones","1","0","417","Quartz/Gold/Tourmaline","1","1","NOT_FOUND_IN_PACRA_SEARCH","has corporate suffix but no registry hit — spelling variance, deregistration, or genuine absence","no","no"
"Vanzetti Mining Limited","gemstones","1","0","410","Silver/Tourmaline/Zinc","1","1","NOT_FOUND_IN_PACRA_SEARCH","has corporate suffix but no registry hit — spelling variance, deregistration, or genuine absence","no","no"
"Kampoko Resources Ltd","critical_battery","2","2","401","Copper/Iron Ore/Manganese","2","1","NOT_FOUND_IN_PACRA_SEARCH","has corporate suffix but no registry hit — spelling variance, deregistration, or genuine absence","yes","no"
"Chrispar Mines Limited","gemstones","1","0","400","Aquamarine","0","0","NOT_FOUND_IN_PACRA_SEARCH","has corporate suffix but no registry hit — spelling variance, deregistration, or genuine absence","no","no"
"Chakuza Mining & Exploration Limited","critical_battery","1","1","399","Manganese","1","1","NOT_FOUND_IN_PACRA_SEARCH","has corporate suffix but no registry hit — spelling variance, deregistration, or genuine absence","yes","no"
"Zamchrom Investment Limited","gemstones","1","0","399","Anhydrite/Gypsum/Lithium","1","0","NOT_FOUND_IN_PACRA_SEARCH","has corporate suffix but no registry hit — spelling variance, deregistration, or genuine absence","no","no"
"Ta yu Mining Ltd","critical_battery","1","1","399","Manganese","1","1","NOT_FOUND_IN_PACRA_SEARCH","has corporate suffix but no registry hit — spelling variance, deregistration, or genuine absence","yes","no"
"Roadwork Contsruction Limited","industrial_minerals","1","1","399","Limestone (General)/Granite/Dolomite","1","1","NOT_FOUND_IN_PACRA_SEARCH","has corporate suffix but no registry hit — spelling variance, deregistration, or genuine absence","yes","no"
"Maleka Mining & Farming Resources Limited","critical_battery","1","1","399","Silica/Manganese/Silver","1","0","NOT_FOUND_IN_PACRA_SEARCH","has corporate suffix but no registry hit — spelling variance, deregistration, or genuine absence","yes","no"
"W.J.W Construction Limited","gold","1","1","397","Gold/Silver/Cobalt","0","0","NOT_FOUND_IN_PACRA_SEARCH","has corporate suffix but no registry hit — spelling variance, deregistration, or genuine absence","yes","no"
"Red Jakect Zambia Limited","base_metals","1","1","397","Copper","1","0","NOT_FOUND_IN_PACRA_SEARCH","has corporate suffix but no registry hit — spelling variance, deregistration, or genuine absence","yes","no"
"Manseba Mine Ltd","critical_battery","1","1","397","Manganese/Silver/Zinc","0","1","NOT_FOUND_IN_PACRA_SEARCH","has corporate suffix but no registry hit — spelling variance, deregistration, or genuine absence","yes","no"
"AC and G Njanji Mining Company Limited","gold","1","1","397","Zinc/Gold/Copper","1","1","NOT_FOUND_IN_PACRA_SEARCH","has corporate suffix but no registry hit — spelling variance, deregistration, or genuine absence","yes","no"
"SW & GVA Mining Company Ltd","base_metals","1","1","396","Copper","1","1","NOT_FOUND_IN_PACRA_SEARCH","has corporate suffix but no registry hit — spelling variance, deregistration, or genuine absence","yes","no"
"Dash Logistics & Mining Services Limited","base_metals","1","1","396","Silica/Copper/Cobalt","1","0","NOT_FOUND_IN_PACRA_SEARCH","has corporate suffix but no registry hit — spelling variance, deregistration, or genuine absence","yes","no"
"Jenipher Ng'andu Mining & Services Limited","gold","1","1","396","Iron Ore/Quartz/Gold","0","1","NOT_FOUND_IN_PACRA_SEARCH","has corporate suffix but no registry hit — spelling variance, deregistration, or genuine absence","yes","no"
"Zamfluospar Limited","industrial_minerals","1","1","394","Fluorine-Fluorite","1","0","NOT_FOUND_IN_PACRA_SEARCH","has corporate suffix but no registry hit — spelling variance, deregistration, or genuine absence","yes","no"
"Motherland Resources Limited","critical_battery","1","0","393","Lithium/Limestone (General)/Nickel","0","1","NOT_FOUND_IN_PACRA_SEARCH","has corporate suffix but no registry hit — spelling variance, deregistration, or genuine absence","no","no"
"Hi- Qualime Mining Limited","industrial_minerals","1","1","393","Limestone (General)","1","1","NOT_FOUND_IN_PACRA_SEARCH","has corporate suffix but no registry hit — spelling variance, deregistration, or genuine absence","yes","no"
"Sonkolo Mines & General Dealers Ltd","critical_battery","1","1","392","Gold/Manganese/Cobalt","1","1","NOT_FOUND_IN_PACRA_SEARCH","has corporate suffix but no registry hit — spelling variance, deregistration, or genuine absence","yes","no"
"Changa Flouirite Mine Limited","gemstones","1","1","391","Gemstones/Gold/Fluorine-Fluorite","1","0","NOT_FOUND_IN_PACRA_SEARCH","has corporate suffix but no registry hit — spelling variance, deregistration, or genuine absence","yes","no"
"Nkundalila Small Scale Mines Ltd","gemstones","1","1","390","Manganese/Quartz/Tourmaline","0","0","NOT_FOUND_IN_PACRA_SEARCH","has corporate suffix but no registry hit — spelling variance, deregistration, or genuine absence","yes","no"
"Phoenix Materials Ltd","base_metals","1","1","384","Lightweight Aggregate/Stone/Crushed/Broken Stone","1","1","NOT_FOUND_IN_PACRA_SEARCH","has corporate suffix but no registry hit — spelling variance, deregistration, or genuine absence","yes","no"
"Lilume E.K.M Investment Limited","critical_battery","1","1","379","Limestone (General)/Tin/Zinc","1","0","NOT_FOUND_IN_PACRA_SEARCH","has corporate suffix but no registry hit — spelling variance, deregistration, or genuine absence","yes","no"
"Nachingwali Enterprises Limited","gemstones","1","1","378","Emerald","1","1","NOT_FOUND_IN_PACRA_SEARCH","has corporate suffix but no registry hit — spelling variance, deregistration, or genuine absence","yes","no"
"ROGMAT ENTERPRISES & GENERAL DEALERS LIMITED","critical_battery","1","0","371","Nickel/Manganese/Zinc","1","0","NOT_FOUND_IN_PACRA_SEARCH","has corporate suffix but no registry hit — spelling variance, deregistration, or genuine absence","no","no"
"Macrolink Resources (z)Limited","base_metals","1","1","367","Copper","0","0","NOT_FOUND_IN_PACRA_SEARCH","has corporate suffix but no registry hit — spelling variance, deregistration, or genuine absence","yes","yes"
"KAISHENI INVESTMENTS LIMITED","gemstones","1","1","365","Copper/Manganese/Beryllium","1","0","NOT_FOUND_IN_PACRA_SEARCH","has corporate suffix but no registry hit — spelling variance, deregistration, or genuine absence","yes","no"
"Chifotoma Tiles & Paint Manufucturing Enterprise Limited","construction_materials","1","0","363","Lightweight Aggregate","1","0","NOT_FOUND_IN_PACRA_SEARCH","has corporate suffix but no registry hit — spelling variance, deregistration, or genuine absence","yes","no"
"Zambia Amalgamated Metals and Minerals Group Limited","critical_battery","1","1","363","Manganese/Lead/Rare EarthsElements","1","0","NOT_FOUND_IN_PACRA_SEARCH","has corporate suffix but no registry hit — spelling variance, deregistration, or genuine absence","yes","no"
"MLG Resources Limited","industrial_minerals","1","0","353","Silica/Quartz","1","0","NOT_FOUND_IN_PACRA_SEARCH","has corporate suffix but no registry hit — spelling variance, deregistration, or genuine absence","yes","no"
"Blue Oceans Minerals & Metals Ltd","critical_battery","1","1","346","Manganese","0","1","NOT_FOUND_IN_PACRA_SEARCH","has corporate suffix but no registry hit — spelling variance, deregistration, or genuine absence","yes","no"
"BigHope Mining Ltd","gemstones","1","1","335","Emerald/Tourmaline/Amethyst","1","1","NOT_FOUND_IN_PACRA_SEARCH","has corporate suffix but no registry hit — spelling variance, deregistration, or genuine absence","yes","no"
"Yellowstone Mining Limited","critical_battery","1","1","335","Gold/Nickel/Cobalt","1","0","NOT_FOUND_IN_PACRA_SEARCH","has corporate suffix but no registry hit — spelling variance, deregistration, or genuine absence","yes","no"
"Minerals & Metals Corporation Zambia Limited","gemstones","1","0","321","Amethyst","1","0","NOT_FOUND_IN_PACRA_SEARCH","has corporate suffix but no registry hit — spelling variance, deregistration, or genuine absence","no","no"
"Sea Green Mining Limited","gemstones","2","1","305","Gold/Copper/Emerald","0","1","NOT_FOUND_IN_PACRA_SEARCH","has corporate suffix but no registry hit — spelling variance, deregistration, or genuine absence","yes","no"
"Jilin Nonferous Mining zambia Limited","base_metals","1","0","299","Copper/Cobalt","0","0","NOT_FOUND_IN_PACRA_SEARCH","has corporate suffix but no registry hit — spelling variance, deregistration, or genuine absence","yes","no"
"Sajakle Resources Limited","critical_battery","1","0","293","Iron Ore/Manganese/Copper","1","0","NOT_FOUND_IN_PACRA_SEARCH","has corporate suffix but no registry hit — spelling variance, deregistration, or genuine absence","yes","no"
"Proximity Mining and Engineering Company Ltd","gemstones","2","2","284","Tourmaline/Emerald/Beryllium","1","0","NOT_FOUND_IN_PACRA_SEARCH","has corporate suffix but no registry hit — spelling variance, deregistration, or genuine absence","yes","no"
"Cross Country Mining Ltd","gemstones","2","1","275","Emerald","1","1","NOT_FOUND_IN_PACRA_SEARCH","has corporate suffix but no registry hit — spelling variance, deregistration, or genuine absence","yes","no"
"Sky Africa Engineering & Construction Limited","construction_materials","1","1","261","Sand and Gravel","0","1","NOT_FOUND_IN_PACRA_SEARCH","has corporate suffix but no registry hit — spelling variance, deregistration, or genuine absence","yes","no"
"JBK Mining Compant LTD","gemstones","1","1","256","Quartz/Tourmaline/Garnet","1","1","NOT_FOUND_IN_PACRA_SEARCH","has corporate suffix but no registry hit — spelling variance, deregistration, or genuine absence","yes","no"
"Lunga Minerals and Geological Limited","base_metals","1","1","256","Copper","1","1","NOT_FOUND_IN_PACRA_SEARCH","has corporate suffix but no registry hit — spelling variance, deregistration, or genuine absence","yes","no"
"Rabya Machining Ltd","industrial_minerals","1","1","254","Silica/Sand and Gravel/Quartz","1","0","NOT_FOUND_IN_PACRA_SEARCH","has corporate suffix but no registry hit — spelling variance, deregistration, or genuine absence","yes","no"
"Izulu Lethu Mining & Trading Academy Limited","critical_battery","1","0","242","Manganese/Gold/Copper","1","0","NOT_FOUND_IN_PACRA_SEARCH","has corporate suffix but no registry hit — spelling variance, deregistration, or genuine absence","no","no"
"Dangote Industries (Z) Ltd","industrial_minerals","1","1","240","Limestone (General)","1","0","NOT_FOUND_IN_PACRA_SEARCH","has corporate suffix but no registry hit — spelling variance, deregistration, or genuine absence","yes","yes"
"Zambian Limo Tours & Travel Limited","gemstones","2","0","233","Limestone (General)/Manganese/Quartz","2","0","NOT_FOUND_IN_PACRA_SEARCH","has corporate suffix but no registry hit — spelling variance, deregistration, or genuine absence","no","no"
"Copper Rockfield Mines Ltd","critical_battery","1","0","229","Silver/Tin/Uranium","1","0","NOT_FOUND_IN_PACRA_SEARCH","has corporate suffix but no registry hit — spelling variance, deregistration, or genuine absence","yes","no"
"Zamroyal Investments Limited","gemstones","1","0","220","Silica/Quartz/Tourmaline","0","0","NOT_FOUND_IN_PACRA_SEARCH","has corporate suffix but no registry hit — spelling variance, deregistration, or genuine absence","yes","no"
"Lafarge Zambia PLC","industrial_minerals","2","2","216","Limestone (General)/Shale","2","0","NOT_FOUND_IN_PACRA_SEARCH","has corporate suffix but no registry hit — spelling variance, deregistration, or genuine absence","yes","yes"
"Maggie Kashinakazhi Mine Limited","gold","1","0","211","Lead/Silver/Zinc","1","0","NOT_FOUND_IN_PACRA_SEARCH","has corporate suffix but no registry hit — spelling variance, deregistration, or genuine absence","no","no"
"alkhazana mining company limited","gemstones","1","1","209","Emerald","1","1","NOT_FOUND_IN_PACRA_SEARCH","has corporate suffix but no registry hit — spelling variance, deregistration, or genuine absence","yes","no"
"Astro-Gem Industries Limited","gemstones","1","1","203","Quartz/Tourmaline/Garnet","1","0","NOT_FOUND_IN_PACRA_SEARCH","has corporate suffix but no registry hit — spelling variance, deregistration, or genuine absence","yes","no"
"Sokotela Investments Ltd","gold","2","1","198","Granite/Limestone (General)/Copper","0","0","NOT_FOUND_IN_PACRA_SEARCH","has corporate suffix but no registry hit — spelling variance, deregistration, or genuine absence","yes","no"
"True Ore Mines and Mineral (Zambia) Limited","gemstones","1","0","195","Nickel/Sugilite/Zinc","0","0","NOT_FOUND_IN_PACRA_SEARCH","has corporate suffix but no registry hit — spelling variance, deregistration, or genuine absence","no","no"
"M.A.C General Dealers Limited","gemstones","1","1","189","Emerald/Beryllium","1","1","NOT_FOUND_IN_PACRA_SEARCH","has corporate suffix but no registry hit — spelling variance, deregistration, or genuine absence","yes","no"
"Prime Marble Ltd","industrial_minerals","2","2","188","Marble/Limestone (General)","2","1","NOT_FOUND_IN_PACRA_SEARCH","has corporate suffix but no registry hit — spelling variance, deregistration, or genuine absence","yes","no"
"GWK Earth Movers.Com Limited","gemstones","1","0","187","Quartz/Silica/Gold","1","0","NOT_FOUND_IN_PACRA_SEARCH","has corporate suffix but no registry hit — spelling variance, deregistration, or genuine absence","yes","no"
"Nyize Enterprises Ltd","gemstones","1","1","180","Emerald/Beryllium","0","1","NOT_FOUND_IN_PACRA_SEARCH","has corporate suffix but no registry hit — spelling variance, deregistration, or genuine absence","yes","no"
"Gramiraj Investments Ltd","gemstones","1","1","178","Iron Ore/Quartz/Gold","1","0","NOT_FOUND_IN_PACRA_SEARCH","has corporate suffix but no registry hit — spelling variance, deregistration, or genuine absence","yes","no"
"JS Moyo Farms Limited","construction_materials","1","0","170","Granite/Crushed/Broken Stone","0","0","NOT_FOUND_IN_PACRA_SEARCH","has corporate suffix but no registry hit — spelling variance, deregistration, or genuine absence","yes","no"
"Wana Emerald Mining Company Ltd","gemstones","1","1","163","Emerald/Beryllium","1","1","NOT_FOUND_IN_PACRA_SEARCH","has corporate suffix but no registry hit — spelling variance, deregistration, or genuine absence","yes","no"
"J.L.Cole Investments Limited","base_metals","1","0","153","Copper","1","0","NOT_FOUND_IN_PACRA_SEARCH","has corporate suffix but no registry hit — spelling variance, deregistration, or genuine absence","no","no"
"EKS Mining International Ltd","gemstones","1","1","150","Emerald/Beryllium","1","0","NOT_FOUND_IN_PACRA_SEARCH","has corporate suffix but no registry hit — spelling variance, deregistration, or genuine absence","no","no"
"Build Gene Mining and Construction Limited","gemstones","1","1","144","Manganese/Tourmaline/Gold","1","1","NOT_FOUND_IN_PACRA_SEARCH","has corporate suffix but no registry hit — spelling variance, deregistration, or genuine absence","no","no"
"Muamba and Company Ltd","gemstones","1","1","143","Tourmaline/Quartz/Aquamarine","1","0","NOT_FOUND_IN_PACRA_SEARCH","has corporate suffix but no registry hit — spelling variance, deregistration, or genuine absence","no","no"
"Kaur Suppliers Limited","base_metals","1","1","140","Quartz/Sand and Gravel/Silica","0","0","NOT_FOUND_IN_PACRA_SEARCH","has corporate suffix but no registry hit — spelling variance, deregistration, or genuine absence","yes","no"
"Hume Stone Limited","base_metals","1","1","140","Copper","1","1","NOT_FOUND_IN_PACRA_SEARCH","has corporate suffix but no registry hit — spelling variance, deregistration, or genuine absence","no","no"
"Paulgil Check Enterprises Limited","gemstones","1","1","139","Emerald","1","1","NOT_FOUND_IN_PACRA_SEARCH","has corporate suffix but no registry hit — spelling variance, deregistration, or genuine absence","no","no"
"Melai Company Limited","gemstones","1","1","121","Emerald/Beryllium","1","0","NOT_FOUND_IN_PACRA_SEARCH","has corporate suffix but no registry hit — spelling variance, deregistration, or genuine absence","no","no"
"Mandlethu Zambia Ltd","gemstones","1","1","121","Mica/Tourmaline/Emerald","0","0","NOT_FOUND_IN_PACRA_SEARCH","has corporate suffix but no registry hit — spelling variance, deregistration, or genuine absence","yes","yes"
"ZAKOR Metals Ltd","other","1","1","120","Malachite","1","1","NOT_FOUND_IN_PACRA_SEARCH","has corporate suffix but no registry hit — spelling variance, deregistration, or genuine absence","yes","no"
"Franciscan Mineals Zambia Limited","gemstones","1","1","120","Emerald/Beryllium","1","0","NOT_FOUND_IN_PACRA_SEARCH","has corporate suffix but no registry hit — spelling variance, deregistration, or genuine absence","no","no"
"Nkana General Delalers Ltd","gemstones","1","1","113","Emerald/Beryllium","0","0","NOT_FOUND_IN_PACRA_SEARCH","has corporate suffix but no registry hit — spelling variance, deregistration, or genuine absence","no","no"
"G & G National Wide Zambia Ltd","gemstones","1","1","113","Emerald/Beryllium","1","0","NOT_FOUND_IN_PACRA_SEARCH","has corporate suffix but no registry hit — spelling variance, deregistration, or genuine absence","no","no"
"LSL CONSULTANCY & INVESTMENT LIMITED","critical_battery","1","0","111","Quartz/Nickel/Zinc","1","0","NOT_FOUND_IN_PACRA_SEARCH","has corporate suffix but no registry hit — spelling variance, deregistration, or genuine absence","yes","no"
"Nachingwali Enterprises Ltd","gemstones","1","0","106","Emerald","0","0","NOT_FOUND_IN_PACRA_SEARCH","has corporate suffix but no registry hit — spelling variance, deregistration, or genuine absence","no","no"
"Wizamar General Dealers Ltd","gemstones","1","0","100","Emerald","0","0","NOT_FOUND_IN_PACRA_SEARCH","has corporate suffix but no registry hit — spelling variance, deregistration, or genuine absence","no","no"
"Bakwalufu Enterprises Ltd","critical_battery","1","1","100","Nickel/Silver/Uranium","0","0","NOT_FOUND_IN_PACRA_SEARCH","has corporate suffix but no registry hit — spelling variance, deregistration, or genuine absence","no","no"
"ALD Plant & Fleet Management Limited","construction_materials","1","1","99","Granite/Crushed/Broken Stone","1","0","NOT_FOUND_IN_PACRA_SEARCH","has corporate suffix but no registry hit — spelling variance, deregistration, or genuine absence","yes","no"
"MGB Mining Limited","gemstones","1","1","97","Emerald","1","1","NOT_FOUND_IN_PACRA_SEARCH","has corporate suffix but no registry hit — spelling variance, deregistration, or genuine absence","yes","no"
"Ramada Trade Investment Limited","gold","1","0","96","Gold/Copper/Cobalt","0","0","NOT_FOUND_IN_PACRA_SEARCH","has corporate suffix but no registry hit — spelling variance, deregistration, or genuine absence","no","no"
"A.L. IMPORTERS AND EXPORTERS LIMITED","gemstones","1","0","95","Manganese/Malachite/Limestone (General)","0","0","NOT_FOUND_IN_PACRA_SEARCH","has corporate suffix but no registry hit — spelling variance, deregistration, or genuine absence","yes","no"
"Suanni mining limited.","gemstones","1","0","83","Emerald/Gold/Cobalt","0","0","NOT_FOUND_IN_PACRA_SEARCH","has corporate suffix but no registry hit — spelling variance, deregistration, or genuine absence","no","no"
"Shen Zhou Investment Compmay Limited","industrial_minerals","1","1","79","Limestone (General)/Granite/Crushed/Broken Stone","1","0","NOT_FOUND_IN_PACRA_SEARCH","has corporate suffix but no registry hit — spelling variance, deregistration, or genuine absence","yes","no"
"Asbelow Mining & Business Consultancy Limited","critical_battery","1","0","73","Manganese/Nickel/Zinc","1","0","NOT_FOUND_IN_PACRA_SEARCH","has corporate suffix but no registry hit — spelling variance, deregistration, or genuine absence","no","no"
"Jamba Mining & Marketing Ltd","gemstones","1","1","72","Emerald/Beryllium","1","1","NOT_FOUND_IN_PACRA_SEARCH","has corporate suffix but no registry hit — spelling variance, deregistration, or genuine absence","no","no"
"Kankan Mining Co. Limited","gemstones","1","1","68","Amethyst","1","0","NOT_FOUND_IN_PACRA_SEARCH","has corporate suffix but no registry hit — spelling variance, deregistration, or genuine absence","yes","no"
"NISS SKY Spares and Accessories (1996) Limited","gemstones","1","0","67","Nickel/Manganese/Tourmaline","0","0","NOT_FOUND_IN_PACRA_SEARCH","has corporate suffix but no registry hit — spelling variance, deregistration, or genuine absence","no","no"
"Kalubwe Mining Limited","gemstones","1","1","60","Emerald","1","1","NOT_FOUND_IN_PACRA_SEARCH","has corporate suffix but no registry hit — spelling variance, deregistration, or genuine absence","no","no"
"Mapelo Gemstone Export Co. Limited","gemstones","1","1","60","Garnet","1","1","NOT_FOUND_IN_PACRA_SEARCH","has corporate suffix but no registry hit — spelling variance, deregistration, or genuine absence","no","no"
"Gertina Mines Limited","gemstones","1","1","51","Emerald/Beryllium","1","1","NOT_FOUND_IN_PACRA_SEARCH","has corporate suffix but no registry hit — spelling variance, deregistration, or genuine absence","no","no"
"PLR Projects Zambia Ltd","critical_battery","1","1","50","Manganese/Quartz/Coal","1","0","NOT_FOUND_IN_PACRA_SEARCH","has corporate suffix but no registry hit — spelling variance, deregistration, or genuine absence","no","no"
"United Alloys (Z) Limited","critical_battery","1","1","47","Manganese","1","1","NOT_FOUND_IN_PACRA_SEARCH","has corporate suffix but no registry hit — spelling variance, deregistration, or genuine absence","no","no"
"Double ""C"" Investments Limited","gemstones","1","1","45","Tourmaline/Emerald","1","0","NOT_FOUND_IN_PACRA_SEARCH","has corporate suffix but no registry hit — spelling variance, deregistration, or genuine absence","no","no"
"M.G Mwanjisi Auto Parts Limited","gemstones","1","0","44","Emerald","1","0","NOT_FOUND_IN_PACRA_SEARCH","has corporate suffix but no registry hit — spelling variance, deregistration, or genuine absence","yes","no"
"TRYTON CONSTRUCTION & ENGINEERING COMPANY LIMITED","industrial_minerals","1","0","43","Limestone (General)/Dolomite","1","0","NOT_FOUND_IN_PACRA_SEARCH","has corporate suffix but no registry hit — spelling variance, deregistration, or genuine absence","yes","no"
"Emmanuel and Joseph Scrap Metal Co. Ltd.","gemstones","1","1","40","Emerald","1","1","NOT_FOUND_IN_PACRA_SEARCH","has corporate suffix but no registry hit — spelling variance, deregistration, or genuine absence","no","no"
"Ifisuma Tafisa Bwangu Mining Company Ltd","gold","2","1","36","Gold/Sulfur/Cobalt","1","2","NOT_FOUND_IN_PACRA_SEARCH","has corporate suffix but no registry hit — spelling variance, deregistration, or genuine absence","yes","no"
"BED-ROCK MINE LIMITED","gemstones","1","1","35","Emerald","0","1","NOT_FOUND_IN_PACRA_SEARCH","has corporate suffix but no registry hit — spelling variance, deregistration, or genuine absence","no","no"
"Faren Mining and Metalllurgy Zambia Company Limited","gold","1","1","33","Gold/Copper","1","0","NOT_FOUND_IN_PACRA_SEARCH","has corporate suffix but no registry hit — spelling variance, deregistration, or genuine absence","no","no"
"Point & Line Technology Ltd","construction_materials","1","1","30","Stone","0","0","NOT_FOUND_IN_PACRA_SEARCH","has corporate suffix but no registry hit — spelling variance, deregistration, or genuine absence","yes","no"
"Aqu-Desert Zambia Limited","gold","1","0","27","Stone/Gold/Copper","1","0","NOT_FOUND_IN_PACRA_SEARCH","has corporate suffix but no registry hit — spelling variance, deregistration, or genuine absence","no","no"
"ZM and P (B.V.I) Holdings Limited","critical_battery","1","1","26","Tantalum/Silver/Tin","0","0","NOT_FOUND_IN_PACRA_SEARCH","has corporate suffix but no registry hit — spelling variance, deregistration, or genuine absence","no","no"
"kamutumba mining company ltd","critical_battery","1","0","17","Manganese/Silver/Zinc","1","0","NOT_FOUND_IN_PACRA_SEARCH","has corporate suffix but no registry hit — spelling variance, deregistration, or genuine absence","no","no"
"H.G High Grade Resources Limited","base_metals","1","1","13","Copper/Cobalt","1","0","NOT_FOUND_IN_PACRA_SEARCH","has corporate suffix but no registry hit — spelling variance, deregistration, or genuine absence","no","no"
"E-Stone Works Enterprises Limited","gemstones","1","0","13","Lithium/Manganese/Iron Ore","1","0","NOT_FOUND_IN_PACRA_SEARCH","has corporate suffix but no registry hit — spelling variance, deregistration, or genuine absence","no","no"
"True Ore Mines and Minerals (Tomm) Private Limited","critical_battery","1","1","13","Manganese/Gold/Copper","1","0","NOT_FOUND_IN_PACRA_SEARCH","has corporate suffix but no registry hit — spelling variance, deregistration, or genuine absence","no","no"
"Green Machinery Suppiers Limited","unknown","1","1","13","","1","0","NOT_FOUND_IN_PACRA_SEARCH","has corporate suffix but no registry hit — spelling variance, deregistration, or genuine absence","yes","no"
"Grhhin Mine Limited","gold","1","0","13","Iron Ore/Silver/Zinc","1","1","NOT_FOUND_IN_PACRA_SEARCH","has corporate suffix but no registry hit — spelling variance, deregistration, or genuine absence","no","no"
"Daxing Mining Company Limited","critical_battery","1","1","13","Manganese","1","0","NOT_FOUND_IN_PACRA_SEARCH","has corporate suffix but no registry hit — spelling variance, deregistration, or genuine absence","no","no"
"Havfree International Trade (pty) Limited","critical_battery","1","0","11","Nickel/Manganese/Zinc","1","1","NOT_FOUND_IN_PACRA_SEARCH","has corporate suffix but no registry hit — spelling variance, deregistration, or genuine absence","no","no"
"Double impacty Construction Company Ltd","industrial_minerals","1","1","11","Marble/Limestone (General)","1","1","NOT_FOUND_IN_PACRA_SEARCH","has corporate suffix but no registry hit — spelling variance, deregistration, or genuine absence","no","no"
"Liang Yun Company Limited","base_metals","1","1","7","Copper/Cobalt","1","0","NOT_FOUND_IN_PACRA_SEARCH","has corporate suffix but no registry hit — spelling variance, deregistration, or genuine absence","yes","no"
"INTERNAL MINDSET CO-OPERTIVE LIMITED","gold","1","1","7","Gold","1","0","NOT_FOUND_IN_PACRA_SEARCH","has corporate suffix but no registry hit — spelling variance, deregistration, or genuine absence","no","no"
"Sangalala General Trading Limited","gold","1","1","7","Gold/Copper","1","0","NOT_FOUND_IN_PACRA_SEARCH","has corporate suffix but no registry hit — spelling variance, deregistration, or genuine absence","yes","no"
"Sunrain Purifield Construction Ltd","construction_materials","1","1","7","Granite","1","1","NOT_FOUND_IN_PACRA_SEARCH","has corporate suffix but no registry hit — spelling variance, deregistration, or genuine absence","yes","no"
"Sunshine Eagle Mining Ltd","gold","1","1","4","Gold/Silver/Cobalt","1","1","NOT_FOUND_IN_PACRA_SEARCH","has corporate suffix but no registry hit — spelling variance, deregistration, or genuine absence","yes","no"
"Silchil Construction Solutions Ltd","construction_materials","1","1","3","Sandstone/Lightweight Aggregate","0","1","NOT_FOUND_IN_PACRA_SEARCH","has corporate suffix but no registry hit — spelling variance, deregistration, or genuine absence","yes","no"
"Ameya Marble Limited","industrial_minerals","1","1","3","Limestone (General)","1","0","NOT_FOUND_IN_PACRA_SEARCH","has corporate suffix but no registry hit — spelling variance, deregistration, or genuine absence","yes","yes"
