"segment","holder","licenses","mining_lics","hectares","main_commodities","lics_in_default_2025","lics_cancelled_2024"
"base_metals","AA Ventures Company Limited","1","1","20","Copper","0","0"
"base_metals","Adept Services Zambia Limited","1","0","350","Copper","1","0"
"base_metals","Alaska Solutions Limited","1","1","13","Copper","1","0"
"base_metals","AMADON INVESTMENT LIMITED","2","0","543","Limestone (General)/Sand/Feldspar","0","0"
"base_metals","Bhavesh Overseas Zambia Limited","1","1","20","Lead/Copper/Aluminum (Other)","1","1"
"base_metals","Bubala Mining and Construction Limited","1","0","798","Anhydrite/Gypsum/Iron Ore","1","1"
"base_metals","BUNTINGWA RESOURCES LIMITED","1","1","70","Copper/Cobalt","1","0"
"base_metals","Buyaco Intergrated Limited","1","0","93","Zinc/Iron Ore/Copper","1","1"
"base_metals","Central Province Agricultural Growth Scheme Of Zambia Limited","1","1","50","Copper/Cobalt","1","0"
"base_metals","Coolstone Resources Limited","1","0","14232","Copper/Cobalt","1","0"
"base_metals","Copper X Resources Limited","1","0","27254","Copper","1","0"
"base_metals","COZ MINERALS LIMITED","1","1","53","Copper","1","0"
"base_metals","EASYPATH INVESTMENTS LIMITED","1","0","18117","Anhydrite/Gypsum/Copper","0","0"
"base_metals","EVONSE INVESTMENTS LIMITED","1","0","73417","Copper","0","0"
"base_metals","Golden Bridge Investment Zambia Limited","1","1","3","Lead/Zinc/Cobalt","1","0"
"base_metals","Golden Hill Industry Limited","1","1","30","Copper/Cobalt","0","0"
"base_metals","Jilin Nonferous Mining zambia Limited","1","0","299","Copper/Cobalt","0","0"
"base_metals","JIUYING INVESTMENTS LIMITED","1","1","33","Copper","0","0"
"base_metals","Junsheng Industry Company Limited","1","1","13","Copper/Cobalt","0","0"
"base_metals","Kakafita Multi-Purpose Co-Operative Society Limited","1","1","7","Iron Ore/Zinc/Cobalt","0","0"
"base_metals","Kaur Suppliers Limited","1","1","140","Quartz/Sand and Gravel/Silica","0","0"
"base_metals","Kroup Mining and Processing Limited","1","1","3","Copper/Cobalt","1","0"
"base_metals","Lead Way Youth Multi Purpose Cooperative Society Limited","1","0","33","Copper","1","0"
"base_metals","Leopards Hill Quarry Limited","1","0","6706","Silver/Phosphorus-Phosphates/Copper","0","0"
"base_metals","Liang Yun Company Limited","1","1","7","Copper/Cobalt","1","0"
"base_metals","Mahadebe Enterprises Limited","1","0","284","Phosphorus-Phosphates/Zinc/Cobalt","1","0"
"base_metals","MANFUIL MINING COMPANY LIMITED","1","1","20","Sand/Zinc/Gravel","0","0"
"base_metals","Matalloy Company Limited","1","1","150","Copper","1","0"
"base_metals","Mineral Junxion And Transport Limited","1","1","10","Copper","1","1"
"base_metals","Muvalu Mining Company Limited","1","0","68627","Copper","1","0"
"base_metals","Mwepago Mineral Resources","1","0","991","Talc-Soapstone/Zinc/Kaolin","0","0"
"base_metals","Myala City Company Limited","2","0","170","Granite/Copper","1","1"
"base_metals","Nalume Mining Limited","1","0","4012","Copper","0","0"
"base_metals","Nkana Mining and Mineral Processing Limited","1","1","140","Copper/Cobalt","0","1"
"base_metals","Poly In Alliance Limited","1","1","3","Copper","0","0"
"base_metals","quantum Leap Mining Limited","1","0","441","Copper/Cobalt","1","0"
"base_metals","Ramoji Resources Limited","1","1","13","Copper","1","1"
"base_metals","Red Jakect Zambia Limited","1","1","397","Copper","1","0"
"base_metals","Sable Zinc Kabwe Limited","1","1","43","Lead/Zinc/Cobalt","1","0"
"base_metals","SOS Metals and Resources Limited","1","0","237","Zinc","1","0"
"base_metals","Superdeal Investments Limited","1","1","7","Zinc/Lead","1","0"
"base_metals","SW & GVA Mining Company Ltd","1","1","396","Copper","1","1"
"base_metals","Temachi Mineral Resources Limited","1","0","8535","Iron Ore/Copper/Cobalt","0","1"
"base_metals","Tikumbe Mining Limited","1","0","87","Copper","0","0"
"base_metals","Tunjile Multi-Purpose Co-operative Society Limited","1","1","7","Malachite/Copper","1","0"
"base_metals","Union Star Industry Limited","1","1","33","Zinc/Lead/Copper","0","1"
"base_metals","UPRISE INVESTMENT LIMITED","1","0","9732","Copper","1","0"
"base_metals","Victory Resources Limited","1","0","2432","Copper","0","0"
"base_metals","Wanshida International Investments Company Limited","1","1","7","Copper/Cobalt","0","0"
"base_metals","Zamco Global Tradings Limited","1","0","17225","Silver/Zinc/Cobalt","0","0"
"construction_materials","AJM Construction Limited","1","0","137","Sand and Gravel/Crushed/Broken Stone","1","0"
"construction_materials","ALD Plant & Fleet Management Limited","1","1","99","Granite/Crushed/Broken Stone","1","0"
"construction_materials","Chifotoma Tiles & Paint Manufucturing Enterprise Limited","1","0","363","Lightweight Aggregate","1","0"
"construction_materials","Frichyl General Dealers Limited","1","0","747","Granite","1","0"
"construction_materials","JS Moyo Farms Limited","1","0","170","Granite/Crushed/Broken Stone","0","0"
"construction_materials","Kabula Exploration Limited","1","1","29","Stone","1","1"
"construction_materials","Kailjee Construction Zambia Limited","1","1","121","Sand and Gravel/Granite","1","0"
"construction_materials","Katima Stones Limited","1","1","108","Stone","1","0"
"construction_materials","Lulamba Quarries Limited","1","0","169","Sand and Gravel/Crushed/Broken Stone","1","0"
"construction_materials","Musanza Exploration and Mining Co-operative Society Limited","1","1","2","Stone/Granite","1","0"
"construction_materials","MUTUPA MINING MULT-PURPOSE COOPERATIVE SOCIETY LIMITED","1","1","7","Stone/Sand/Granite","0","0"
"construction_materials","Point & Line Technology Ltd","1","1","30","Stone","0","0"
"construction_materials","Silchil Construction Solutions Ltd","1","1","3","Sandstone/Lightweight Aggregate","0","1"
"construction_materials","Southern Minerals Co-operative Society Limited","1","1","7","Sand and Gravel/Granite/Crushed/Broken Stone","0","0"
"construction_materials","Sunrain Purifield Construction Ltd","1","1","7","Granite","1","1"
"construction_materials","ZHEJIANG INTERNATIONAL ENGINEERING CONSTRUCTION COMPANY LIMITED","1","0","530","Sand and Gravel/Granite","1","0"
"critical_battery","A.Argente and Company Limited","3","0","1318","Iron Ore/Manganese/Gold","1","0"
"critical_battery","Afreca Gold City Limited","1","0","13321","Lithium/Tungsten/Zinc","0","0"
"critical_battery","Akainga Multi-purpose Co-operative Society Limited","1","1","7","Iron Ore/Lead/Nickel","1","0"
"critical_battery","Albany Logistics Limited","1","0","109","Nickel/Manganese/Zinc","1","0"
"critical_battery","Anglo Exploration Zambia Limited","1","0","4833","Rare EarthsElements/Manganese/Uranium","0","0"
"critical_battery","Athena Energy Limited","2","0","10475","Lead/Manganese/Zinc","0","0"
"critical_battery","Azarel Investments Limited","1","1","397","Iron Ore/Tantalum/Tin","1","0"
"critical_battery","Bans Countrywide Tours Limited","1","0","12424","Rare EarthsElements/Silica/Platinum Group Metals","0","0"
"critical_battery","Beyond Borders Resources Limited","1","0","9303","Gold/Manganese/Cobalt","0","0"
"critical_battery","Big 3 Lithium Investments Limited","1","0","28549","Tin/Titanium/Niobium (Columbium)","1","0"
"critical_battery","Bonway Investments Limited","1","0","2006","Nickel/Manganese/Uranium","1","0"
"critical_battery","Brimamwa Mining and Explorations Limited","3","0","1592","Gold/Lead/Manganese","1","3"
"critical_battery","Cales Investment Limited","1","0","959","Silver/Nickel/Zinc","1","0"
"critical_battery","Century Minerals And Metals Mining Limited","1","0","32666","Nickel/Manganese/Limestone (General)","0","0"
"critical_battery","CHAKRA MINES AND MINERALS LIMITED","1","0","819","Manganese/Zinc/Gold","0","0"
"critical_battery","Changa-Changa Exploration Limited","1","0","6911","Lead/Manganese/Zinc","0","1"
"critical_battery","Chikola Royal Establishment Resources Limited","1","0","365","Manganese/Lead/Zinc","0","0"
"critical_battery","Chitina Copper Mines Limited","1","0","3271","Gold/Manganese/Cobalt","0","0"
"critical_battery","Clito Construction Limited","2","0","5025","Iron Ore/Manganese/Zinc","2","0"
"critical_battery","Copper Rockfield Mines Ltd","1","0","229","Silver/Tin/Uranium","1","0"
"critical_battery","Copperbelt Chemicals Zambia Limited","1","0","81311","Iron Ore/Manganese/Rare EarthsElements","0","0"
"critical_battery","Day Break Mining and Exploration Limited","2","0","197","Malachite/Lead/Iron Ore","0","0"
"critical_battery","DIMARBU RESOURCES LIMITED","1","0","331","Limestone (General)/Manganese/Silica","1","0"
"critical_battery","Duwaco Mining Minerals Limited","1","0","396","Manganese","1","1"
"critical_battery","Epitomatic General Trade Limited","1","0","80","Nickel/Manganese/Malachite","0","0"
"critical_battery","Feldon & Camara Mining Limited","2","0","5984","Nickel/Zinc/Iron Ore","0","0"
"critical_battery","Fiand Mineral Processing Limited","1","0","220","Lead/Manganese/Silver","1","0"
"critical_battery","Filtrak Zambia Limited","1","0","8392","Iron Ore/Manganese/Silver","0","0"
"critical_battery","Firmato Investiment Limited","1","0","982","Manganese/Zinc/Iron Ore","1","0"
"critical_battery","Front Runners Solutions Limited","1","0","730","Platinum/Manganese/Tantalum","0","0"
"critical_battery","Gladpal Investment Limited","1","1","17","Lead/Manganese/Zinc","1","0"
"critical_battery","Gold Co Corporation Zambia Limited","1","0","15889","Molybdenum/Iron Ore/Tin","0","0"
"critical_battery","GoodRock Zambia Limited","1","1","110","Manganese","0","1"
"critical_battery","Gracious Green Farm Limited","2","0","7959","Lead/Iron Ore/Zinc","0","0"
"critical_battery","Hartebeest Resources Limited","1","0","11","Lead/Iron Ore/Manganese","1","1"
"critical_battery","Hillpot Mining Multipurpose Cooperative","1","1","7","Manganese/Gold/Copper","1","0"
"critical_battery","Huacheng Mining Zambia Limited","1","1","30","Manganese","0","1"
"critical_battery","Integrity Mining Limited","1","0","952","Nickel/Zinc/Gold","0","0"
"critical_battery","Jamboree Investments Limited","2","0","1946","Nickel/Manganese/Zinc","2","2"
"critical_battery","Jaswin Alloys Manufacturing Limited","1","1","10","Silica/Manganese/Iron Ore","1","0"
"critical_battery","Jufa Transport & Logistics Limited","2","0","2885","Silver/Zinc/Gold","0","0"
"critical_battery","Kajila-Nkeke Mining Multi-Purpose Co-Operative Society Limited","1","1","7","Nickel/Magnesite/Quartz","0","0"
"critical_battery","Kaka Eagles Eye Investment Limited","1","0","2","Manganese/Copper","0","0"
"critical_battery","Kalonga Community Muilti-Purpose Co-operative Society","1","1","7","Silver/Tin/Zinc","1","0"
"critical_battery","KANONGO MINING LIMITED","1","0","160","Manganese/Limestone (General)/Zinc","0","0"
"critical_battery","Katema Malolwa Resources Limited","1","0","2000","Manganese/Nickel/Rare EarthsElements","1","0"
"critical_battery","KELINK GENERAL DEALERS LIMITED","1","0","11881","Sugilite/Silver/Titanium","1","0"
"critical_battery","Koeshma Business Ventures LTD","1","0","524","Rare EarthsElements/Silica/Silver","0","0"
"critical_battery","Krisos Manufacturing Limited","1","0","5277","Manganese/Zinc/Cobalt","1","0"
"critical_battery","Leza Njavwa Resources Company Limited","4","0","10572","Manganese/Copper/Silver","4","0"
"critical_battery","Litinta Resources Limited","2","0","12237","Copper/Cobalt/Manganese","0","0"
"critical_battery","Lorella Products Limited","1","0","1800","Granite/Manganese/Silver","1","0"
"critical_battery","LSL CONSULTANCY & INVESTMENT LIMITED","1","0","111","Quartz/Nickel/Zinc","1","0"
"critical_battery","Lukalia Mining Co-operative Society Limited","1","1","7","Manganese/Sand/Sugilite","1","0"
"critical_battery","Lying Dragon Investment Company Limited","1","0","23614","Manganese/Zinc/Gold","0","0"
"critical_battery","Mafota Minerals and Mines Limited","1","0","949","Manganese/Gold/Copper","1","1"
"critical_battery","Makgowan Resources Limited","2","0","1057","Granite/Iron Ore/Manganese","0","0"
"critical_battery","Malota Multpurpose Cooperative Society Limited","1","1","7","Limestone (General)/Lead/Zinc","1","0"
"critical_battery","Masccor Construction And Plant Limited","1","0","27481","Manganese/Silver/Copper","1","0"
"critical_battery","Mazalazambwe Multi-purpose Co-operative Society Limited","1","1","7","Iron Ore/Lead/Nickel","0","0"
"critical_battery","Mechross enterprises limited","1","0","133","Manganese/Lead/Zinc","1","0"
"critical_battery","Mijeko Mining Limited","2","0","4729","Manganese/Nickel/Iron Ore","0","0"
"critical_battery","Mise Mining Limited","1","0","973","Anhydrite/Iron Ore/Rare EarthsElements","1","0"
"critical_battery","Mobile Shaft Metals Limited","2","0","1661","Iron Ore/Anhydrite/Manganese","2","1"
"critical_battery","Mokha Investment Zambia Limited","1","0","517","Manganese/Iron Ore/Silver","1","0"
"critical_battery","Mublecha Enteprises Limited","1","0","989","Manganese/Zinc/Gold","1","0"
"critical_battery","Mugla Mining Investment Zambia Limited","1","0","842","Lead/Manganese/Zinc","1","1"
"critical_battery","Munalu Small Scale Mining Co-operative Society Limited","1","1","7","Tantalum/Tin/Tungsten","1","0"
"critical_battery","Musulumba Investments Limited","2","0","11398","Gold/Copper/Iron Ore","2","0"
"critical_battery","Mutane Akose Mining Coorperative Society Limited","1","1","7","Manganese/Sand/Silica","1","0"
"critical_battery","Mwashia Resources Limited","1","0","3573","Manganese/Nickel/Zinc","1","0"
"critical_battery","N.I.C Investments Limited","1","0","77332","Nickel/Uranium/Zinc","1","1"
"critical_battery","Naneson Enterprise Limited","1","0","2489","Manganese/Lead/Nickel","1","0"
"critical_battery","Nebula Mining Limited","1","0","878","Manganese/Quartz/Copper","0","0"
"critical_battery","Nguzu Mining Limited","1","0","3228","Manganese/Silver/Zinc","1","0"
"critical_battery","Nisco Industries Limited","1","0","46167","Lead/Tungsten/Bismuth","1","0"
"critical_battery","Nordic Mineral Traders Limited","1","1","13","Manganese/Zinc/Cobalt","1","0"
"critical_battery","NUBIACREEK RESOURCES LIMITED","2","0","3393","Gold/Quartz/Cobalt","1","0"
"critical_battery","Nyengo Resources Limited","3","0","174","Iron Ore/Fluorine-Fluorite/Coal","0","0"
"critical_battery","P & C PRACH INVESTMENTS ZAMBIA LIMITED","1","0","48014","Iron Ore/Manganese/Zinc","0","0"
"critical_battery","Polar Petroleum Limited","1","0","735","Nickel/Manganese/Silver","0","0"
"critical_battery","Prolight Investment Limited","1","0","135","Silver/Manganese/Zinc","1","0"
"critical_battery","RHEMA MINING COOPERATIVE SOCIETY LIMITED","1","1","7","Malachite/Lead/Zinc","0","0"
"critical_battery","Rising Resources Limited","1","0","146752","Quartz/Manganese/Sand","0","0"
"critical_battery","Roan Mineral Resources Company Ltd","1","0","731","Nickel/Manganese/Zinc","1","1"
"critical_battery","Rochris Investments Limited","1","0","6169","Manganese/Lithium/Platinum Group Metals","0","0"
"critical_battery","Royal Chamuka Mining Limited","1","0","1815","Silver/Manganese/Zinc","0","1"
"critical_battery","Sajakle Resources Limited","1","0","293","Iron Ore/Manganese/Copper","1","0"
"critical_battery","SANDSTONE PROJECTS LIMITED","1","0","178","Manganese/Silver/Zinc","0","0"
"critical_battery","Serenje Ferro Alloys Limited","1","1","20","Manganese/Iron Ore","1","0"
"critical_battery","Shimumu Investment Limited","2","0","988","Quartz/Zinc/Manganese","2","0"
"critical_battery","Shindumba Mining Limited","1","0","63901","Nickel/Silver/Zinc","0","0"
"critical_battery","SJ KINGDOM METALS LIMITED","1","0","8152","Manganese/Limestone (General)/Silver","0","0"
"critical_battery","Stewes Mineral Resources Limited","1","0","5227","Lithium/Manganese/Gold","0","0"
"critical_battery","Sudha Mining Resources Zambia Limited","1","0","12542","Manganese/Limestone (General)/Sand","0","0"
"critical_battery","Sun Park Development Limited","1","0","9351","Tin/Zinc/Silver","0","0"
"critical_battery","Sunflower Resources Limited","1","0","4728","Nickel/Manganese/Zinc","1","0"
"critical_battery","Supix Minerals Limited","1","0","2557","Lead/Manganese/Zinc","0","0"
"critical_battery","Topglory Mining Company Limited","1","1","27","Manganese","1","1"
"critical_battery","TUGWASHANE MINING LIMITED","2","0","12145","Copper/Coal/Zinc","0","0"
"critical_battery","Tumbo Mining And Exploration Limited","1","0","10704","Silver/Platinum/Tin","0","0"
"critical_battery","Twaima Youth Muilti Purpose Co-operative","1","1","7","Manganese","1","0"
"critical_battery","Ubuntu Small Scale Mining Company Limited","1","0","905","Quartz/Nickel/Zinc","0","0"
"critical_battery","Veridical Integrity Limited","1","0","980","Manganese/Quartz/Silver","1","1"
"critical_battery","Vinmic Investments Limited","1","0","24528","Iron Ore/Nickel/Silver","1","0"
"critical_battery","White Rock Marketing Limited","4","0","1640","Zinc/Manganese/Nickel","3","0"
"critical_battery","Woodpeckers Mining Company Limited","1","0","2884","Iron Ore/Limestone (General)/Titanium","1","0"
"critical_battery","ZDP Mineral Resources Limited","1","0","480","Lead/Manganese/Gold","1","1"
"critical_battery","Zincom Mineral Resources Limited","2","0","706","Manganese/Lead/Zinc","1","0"
"critical_battery","Zuri Mineral Resources Limited","1","0","3735","Nickel/Silver/Zinc","0","0"
"energy_minerals","Grand Prosperous Company Limited","1","0","2436","Lead/Anhydrite/Quartz","0","0"
"energy_minerals","Lukamantano Energy Company Limited","1","0","13407","Iron Ore/Lead/Zinc","0","0"
"energy_minerals","Muchaba Enterprises Company Limited","2","0","956","Limestone (General)/Sand/Molding","1","0"
"energy_minerals","Mwabombeni Resources Limited","1","0","72","Fluorine-Fluorite/Iron Ore/Feldspar","0","0"
"energy_minerals","Shimabu Mining Limited","1","0","3653","Coal","0","0"
"energy_minerals","Top Feng Investments Limited","1","0","150","Coal","0","0"
"gemstones","A.L. IMPORTERS AND EXPORTERS LIMITED","1","0","95","Manganese/Malachite/Limestone (General)","0","0"
"gemstones","AFRICA BASE METALS HOLDING LIMITED","1","0","8241","Mineral Sands/Nickel/Manganese","0","0"
"gemstones","Afritrans Global Investments Limited","1","0","969","Lead/Iron Ore/Zinc","0","1"
"gemstones","Alfmega Solutions Limited","1","0","4559","Diamond/Gold/Cobalt","1","0"
"gemstones","Aore Vein Minerals Limited","1","0","707","Precious Gems/Platinum Group Metals/Palladium","0","0"
"gemstones","Ashira Mining Limited","1","0","72","Gold/Emerald/Silver","1","0"
"gemstones","BASE METAL EXPLORATION CONSULTANCY LIMITED","1","0","3537","Quartz/Manganese/Sugilite","0","0"
"gemstones","Betamin Investments Limited","2","0","3056","Talc-Soapstone/Granite/Limestone (General)","1","0"
"gemstones","Blaze Metals Resources Limited","1","0","17671","Rare EarthsElements/Manganese/Zinc","0","0"
"gemstones","Bright Sky Mining Limited","1","0","949","Manganese/Malachite/Limestone (General)","0","0"
"gemstones","Butemwe Mulutula Investments Limited","1","0","303","Manganese/Lithium/Granite","1","0"
"gemstones","CENTICUS ENERGY LIMITED","1","0","17903","Nickel/Manganese/Quartz","0","0"
"gemstones","Chibaris International(Zambia)Limited","1","0","1776","Rare EarthsElements/Niobium (Columbium)/Nickel","1","0"
"gemstones","Chibulu Tulipamo Mining Co-operative Society Limited","1","1","7","Manganese/Zinc/Gold","1","0"
"gemstones","Chitunda agencies Limited","1","0","441","Garnet","0","0"
"gemstones","Chumu Mining Company Limited","2","0","428","Diamond/Emerald/Cobalt","2","0"
"gemstones","City Multipurpose Cooperative Society","1","1","3","Tin/Tantalum/Tungsten","1","0"
"gemstones","Clarma Resources Limited","3","0","1036","Cobalt/Gold/Iron Ore","2","0"
"gemstones","Concrete Structures Limited","1","0","3531","Iron Ore/Granite/Rare EarthsElements","1","0"
"gemstones","Damayacha Mining Limited","1","0","765","Tantalum/Tourmaline/Quartz","0","0"
"gemstones","Dongsen Mining & Investment Limited","1","0","94683","Ruby/Quartz/Zinc","1","0"
"gemstones","Doug Morgar Multi Purpose Co-operate Society","1","1","7","Amethyst","0","0"
"gemstones","Eagle Eye Mining Multi-purpose Co-operative Society","1","1","7","Lead/Iron Ore/Silica","1","0"
"gemstones","Edenvale Investments Limited","2","0","7066","Quartz/Zinc/Gold","0","0"
"gemstones","Elijah Moomba General Dealers Limited","1","1","13","Iron Ore/Silver/Zinc","1","0"
"gemstones","ENOSARS CONSTRUCTION LIMITED","2","0","1033","Manganese/Limestone (General)/Lead","0","0"
"gemstones","Favourite Emerald Mine Limited","1","1","77","Emerald/Beryllium","1","1"
"gemstones","Finest Mineral Resources Company Limited","2","0","4101","Gold/Copper/Amethyst","0","0"
"gemstones","Ganfeng Mining Group Limited","1","0","19751","Molybdenum/Niobium (Columbium)/Gold","1","0"
"gemstones","Gatis Freight International Limited","1","0","513","Gold/Nickel/Silver","0","0"
"gemstones","Gemaguo Mining and Contractors Limited","1","0","4113","Silver/Manganese/Zinc","1","0"
"gemstones","GWK Earth Movers.Com Limited","1","0","187","Quartz/Silica/Gold","1","0"
"gemstones","H and K Investments Limited","1","1","45","Emerald/Beryllium","1","0"
"gemstones","HAMBLOCKS LOGISTICS LIMITED","1","0","22696","Quartz/Manganese/Limestone (General)","0","0"
"gemstones","HONLOE SERVICES LIMITED","1","0","9699","Manganese/Malachite/Limestone (General)","1","0"
"gemstones","Inchkwakwa Enterprises Limited","3","0","439","Iron Ore/Malachite/Nickel","1","0"
"gemstones","Infra Mining Consultants Limited","1","0","2912","Nickel/Manganese/Malachite","0","0"
"gemstones","Interprochan Developments Limited","2","0","15732","Limestone (General)/Lead/Iron Ore","1","0"
"gemstones","Jalusi Investments Limited","1","1","399","Amethyst","1","1"
"gemstones","Josmas Enterprises Limited","2","0","10293","Copper/Coal/Beryllium","1","0"
"gemstones","Kankan Mining Co. Limited","1","1","68","Amethyst","1","0"
"gemstones","Kemose Mining Limited","1","0","5780","Lead/Iron Ore/Limestone (General)","1","0"
"gemstones","Kesava Mineral Limited","1","0","394","Gold/Nickel/Emerald","0","0"
"gemstones","Kushinshika Investments Limited","1","1","27","Quartz/Emerald/Citrine","1","0"
"gemstones","Kyasalaula Multi-Purpose Co-operative Society Limited","1","1","7","Nickel/Quartz/Gold","1","0"
"gemstones","LENTASIM LOGISTICS LIMITED","1","0","766","Copper/Gold/Aquamarine","1","0"
"gemstones","LINPU PAT MINING LIMITED","1","0","455","Quartz/Emerald/Amethyst","0","0"
"gemstones","LOBO GENERAL DEALERS LIMITED","1","0","2622","Tantalum/Quartz/Titanium","0","0"
"gemstones","LUKANKO INVESTMENTS LIMITED","2","0","14174","Zinc/Copper/Gold","0","0"
"gemstones","Luongo Mineral Resources Limited","1","0","8785","Platinum/Rubidium/Manganese","0","0"
"gemstones","Lusa Small Mines Limited","1","1","46","Emerald/Beryllium","1","0"
"gemstones","M.G Mwanjisi Auto Parts Limited","1","0","44","Emerald","1","0"
"gemstones","Makali Enterprises Limited","1","1","75","Emerald/Beryllium","1","1"
"gemstones","Mandlethu Zambia Ltd","1","1","121","Mica/Tourmaline/Emerald","0","0"
"gemstones","Masuku Copper Development Limited","1","0","182","Tantalum/Tin/Gold","0","0"
"gemstones","Maxping Mining Limited","1","0","845","Quartz/Gold/Silver","1","1"
"gemstones","Meadow Processing Technologies Limited","2","0","277","Quartz/Rare EarthsElements/Manganese","0","0"
"gemstones","Meridian Mining & Exploration Limited","1","0","44322","Gold/Lithium/Manganese","0","0"
"gemstones","Metalix Mining Limited","1","0","6034","Limestone (General)/Anhydrite/Tantalum","0","1"
"gemstones","MGB Mining Limited","1","1","97","Emerald","1","1"
"gemstones","Minsundu Gemstone Mining Limited","1","0","984","Manganese/Quartz/Tourmaline","1","1"
"gemstones","Mitchell Cotts Mining Limited","2","0","1965","Lithium/Quartz/Tourmaline","0","0"
"gemstones","Mitondo Mining Company Limited","1","1","88","Emerald/Beryllium","1","1"
"gemstones","Mount Horeb Investments Limited","1","1","85","Tin/Titanium/Tungsten","1","1"
"gemstones","Mountlisa Minerals Limited","2","0","239","Iron Ore/Lead/Gypsum","0","0"
"gemstones","Mowen Resourses Limited","1","0","6560","Malachite/Iron Ore/Zinc","0","0"
"gemstones","MSANZALA RESOURCES LIMITED","2","0","12175","Nickel/Manganese/Zinc","0","0"
"gemstones","Mukulu Mining Limited","1","1","77","Tourmaline/Emerald/Beryllium","1","0"
"gemstones","MUKWARUWANDI MINING AND CONSTRUCTION LIMITED","1","0","80","Quartz/Kyanite/Tourmaline","1","0"
"gemstones","Mulundu Mineral Resources Limited","2","0","1109","Gold/Nickel/Silver","1","0"
"gemstones","Munanzuki Resources","1","0","1085","Limestone (General)/Anhydrite/Quartz","0","0"
"gemstones","Mwaphi Investmnet limited","1","0","8369","Gold/Manganese/Zinc","0","0"
"gemstones","Nachibila Resources Limited","3","0","299","Gold/Tourmaline/Cobalt","1","0"
"gemstones","NASH INVESTMENTS LIMITED","4","0","15498","Copper/Gold/Cobalt","0","0"
"gemstones","Nkasekelela Multi-purpose cooperative society","1","1","7","Gold/Malachite/Copper","0","0"
"gemstones","Nkuti Ventures Limited","2","0","4718","Manganese/Gold/Copper","0","0"
"gemstones","North Western estates Limited","4","0","10039","Gold/Zinc/Nickel","2","0"
"gemstones","Novatrade Investments Limited","1","0","88","Coal/Feldspar/Fluorine-Fluorite","0","0"
"gemstones","Ntamba Mweru Copper Mine Limited","1","0","261","Manganese/Quartz/Tourmaline","1","0"
"gemstones","Olipe Investments Limited","1","0","23","Niobium (Columbium)/Nickel/Molybdenum","1","0"
"gemstones","Overland Supplies Limited","1","0","3804","Quartz/Rare EarthsElements/Tourmaline","1","0"
"gemstones","Pantanshi Gold Limited","1","0","4128","Lead/Tin/Zinc","1","0"
"gemstones","Plate Techtonics Zambia Limited","2","0","439","Lead/Limestone (General)/Anhydrite","0","0"
"gemstones","Precious Transparency Limited","1","1","76","Anhydrite/Tourmaline/Aquamarine","1","1"
"gemstones","Proquest Minerals and Exploration Limited","1","0","2472","Copper/Gold/Quartz","1","0"
"gemstones","Rech Mining Limited","1","0","67","Emerald/Beryllium","0","0"
"gemstones","Rockvalley Mining Zambia Limited","1","0","9296","Tantalum/Quartz/Tin","1","0"
"gemstones","RUVIT INVESTMENTS LIMITED","1","0","3952","Manganese/Malachite/Nickel","0","0"
"gemstones","Salmar Zambia Limited","2","0","1525","Manganese/Limestone (General)/Lead","1","0"
"gemstones","Sandspring Ventures Limited","2","0","1396","Manganese/Lead/Silver","0","0"
"gemstones","Serengeti Lodge Limited","1","0","4767","Manganese/Silver/Zinc","0","0"
"gemstones","Sianzovu Community Mining Cooperative","1","1","7","Quartz/Nickel/Manganese","1","0"
"gemstones","Silver Rock Mining Limited","1","0","1528","Silica/Quartz/Mica","1","0"
"gemstones","Skopos Resources Limited","1","0","110","Quartz/Emerald/Beryllium","0","0"
"gemstones","STRAMIN AFRICA ZAMBIA LIMITED","1","0","67104","Rare EarthsElements/Quartz/Niobium (Columbium)","0","0"
"gemstones","Sulocha Mines Limited","1","0","155","Emerald","0","0"
"gemstones","Teviem Enterprises Limited","1","0","354","Iron Ore/Gold/Tourmaline","0","0"
"gemstones","Top Stone Mining Limited","1","0","4873","Lead/Iron Ore/Manganese","1","0"
"gemstones","Tradeco Mineral Resources Limited","1","0","398","Quartz/Tourmaline/Garnet","1","1"
"gemstones","Tundamo Gem Mine Limited","1","0","422","Tourmaline","1","0"
"gemstones","TWEENDE CHILOBE MULTIPURPOSE COOPERATIVE SOCIETY LIMITED","1","1","7","Mica/Fluorine-Fluorite/Tourmaline","1","0"
"gemstones","USTAWI INVESTMENT LIMITED","1","0","77","Copper/Emerald/Zinc","0","0"
"gemstones","Victory Mining Company Limited","1","0","123","Emerald/Beryllium","0","0"
"gemstones","Wildrock Resources Limited","1","0","28655","Quartz/Lead/Iron Ore","1","0"
"gemstones","Winter Libohole Limited","1","0","908","Talc-Soapstone/Quartz/Manganese","1","0"
"gemstones","Xingstone Resources Limited","2","0","977","Quartz/Tourmaline/Zinc","2","2"
"gemstones","Zagema Mining and Mineral Trading Corperative","1","1","7","Sand and Gravel/Clay (General)/Aquamarine","1","0"
"gemstones","Zam-Kirin Mining Limited","2","0","1436","Quartz/Tourmaline/Aquamarine","2","0"
"gemstones","Zamroyal Investments Limited","1","0","220","Silica/Quartz/Tourmaline","0","0"
"gemstones","Zao Mining Cooperative Society Limited","1","1","7","Quartz/Manganese/Rare EarthsElements","1","0"
"gold","AC and G Njanji Mining Company Limited","1","1","397","Zinc/Gold/Copper","1","1"
"gold","AMBER Investments & Mining Limited","1","0","20899","Lead/Silver/Zinc","0","0"
"gold","Asal Trading Limited","1","1","20","Gold","1","0"
"gold","Auriga Minerals Limited","1","1","20","Silver/Gold/Copper","1","0"
"gold","AZMI MINING CO OPERATIVE SOCIETY LIMITED","1","1","7","Gold","0","0"
"gold","Big ponds Zambia Limited","1","0","33","Limestone (General)/Lead/Zinc","0","0"
"gold","Broadway Mining Cooperative Society Limited","1","1","7","Gold/Copper","0","0"
"gold","Brooks Commodities Limited","1","0","34225","Iron Ore/Lead/Limestone (General)","1","0"
"gold","Butemwe Farming Services Limited","1","0","367","Molding/Sand/Silver","1","1"
"gold","BUterla Investment Holdings Limited","1","0","942","Limestone (General)/High Calcium Limestone/Talc-Soapstone","0","0"
"gold","CHABOOTA INNOVATIONS LIMITED","1","1","30","Gold/Copper","0","0"
"gold","Chibote Mining Company Limited","1","0","511","Gold/Silver/Cobalt","0","0"
"gold","Chipe Chipe Youth Multi-Purpose Co-operative Society Limited","1","1","7","Gold/Copper/Cobalt","1","0"
"gold","CHITETA MINING COMPANY LIMITED","1","0","34574","Gold/Copper/Cobalt","0","0"
"gold","CHQI INVESTMENTS LIMITED","2","0","1475","Malachite/Gold/Copper","0","0"
"gold","Chrismar Earth Moving Equipment Limited","1","0","2047","Lead/Limestone (General)/Silver","0","0"
"gold","CLASSACT VENTURES LIMITED","1","0","43","Gold/Iron Ore/Cobalt","0","0"
"gold","Dabun Mining Company Limited","1","0","8941","Gold/Copper/Cobalt","0","0"
"gold","Dexing Zambia Metallurgical Mining Company Limited","1","0","4275","Malachite/Silver/Zinc","0","0"
"gold","Dhoonde Logistics Limited","1","0","835","Iron Ore/Silver/Copper","0","0"
"gold","Din Di Mining Development Company Zambia Limited","1","0","7271","Lead/Iron Ore/Magnesium (Brucit)","0","0"
"gold","Easy Resources Limited","1","1","23","Gold/Silver/Cobalt","1","1"
"gold","Faheids Zambia Limited","1","0","388","Gold/Copper/Cobalt","0","0"
"gold","Gesso Mining And Investments Limited","2","0","497","Gold/Copper/Cobalt","2","0"
"gold","Kafunyi Mining Multi purpose Cooperative Society Limited","1","1","3","Gold/Copper","1","0"
"gold","Kings Centre Limited","2","0","554","Sand/Limestone (General)/Gravel","2","0"
"gold","Kwikfix Engineering Limited","1","0","18758","Gold/Copper/Cobalt","1","0"
"gold","Larrys Lorrys Limited","1","0","3448","Iron Ore/Lead/Limestone (General)","0","0"
"gold","Lemba Resources Limited","2","0","1334","Gold/Cobalt/Iron Ore","2","0"
"gold","Leonk Mining Consultants Limited","1","0","2402","Silver/Zinc/Gold","1","0"
"gold","Lugubbe Multi-Purpose Co-operative Society Limited","1","1","7","Mica/Limestone (General)/Silica","1","0"
"gold","Mambombu Mining Limited","1","0","151","Granite/Iron Ore/Limestone (General)","1","0"
"gold","Meltap Enterprise Limited","1","0","493","Anhydrite/Gypsum/Quartz","1","0"
"gold","Mighte General Dealers and Suppliers","1","0","359","Gold","0","0"
"gold","MIHA MINING INVESTMENT LIMITED","1","1","7","Gold","1","0"
"gold","Mindende Mult-purpose Cooperative Society Limited","1","1","7","Silver/Zinc/Gold","1","0"
"gold","Misheck Minerals Exploration Limited","1","0","820","Iron Ore/Silver/Gold","1","0"
"gold","Montauk Mining & Minerals Limited","1","0","21488","Iron Ore/Silver/Gold","0","1"
"gold","Mugwazo Mining Co-operative Society Limited","1","1","7","Gold/Copper/Cobalt","1","0"
"gold","Mukema Minerals Limited","1","0","8684","Iron Ore/Lead/Zinc","1","1"
"gold","Musenga Resources Limited","1","1","53","Gold/Zinc/Cobalt","1","1"
"gold","Musokamuka Kasempa Mining and Construction Limited","1","0","3555","Gold/Copper","0","0"
"gold","Mwaze Multipurpose Co-operative Society Limited","1","1","7","Iron Ore/Gold/Copper","0","0"
"gold","Mwaze Village Multi Purpose Cooperative","1","1","7","Gold/Copper","1","0"
"gold","Mweengwe Multi-Purpose Cooperative","1","1","7","Gold/Lead/Cobalt","0","0"
"gold","Namadan General Trading Limited","1","0","133","Gold/Copper/Cobalt","1","0"
"gold","Nathania Investments Limited","1","0","393","Gold/Malachite/Copper","1","0"
"gold","ONKOT SOLUTIONS LIMITED","1","1","7","Gold/Copper","1","0"
"gold","PAMU MINING LIMITED","1","0","53","Iron Ore/Zinc/Copper","0","0"
"gold","Pangeni Mineral Resources Limited","1","0","28913","Lead/Zinc/Gold","1","1"
"gold","Pragmatic Investments Limited","1","0","953","Gold/Silver/Cobalt","1","0"
"gold","Praja Minerals Zambia Limited","1","0","754","Gold/Silver/Cobalt","0","1"
"gold","Prowave  Investments  Limited","2","0","298","Gold/Copper/Cobalt","2","0"
"gold","Pure Stone Mining Limited","1","0","564","Gold/Iron Ore/Cobalt","0","0"
"gold","Redeem Investments Company Limited","1","1","13","Gold","1","0"
"gold","Rimond Mining Resources Limited","1","0","982","Gold/Iron Ore/Cobalt","1","0"
"gold","Sabi Lodges and Adventures Limited","2","1","940","Gold/Copper/Silver","2","1"
"gold","Safe Haven Investments Limited","1","1","7","Gold/Copper","1","0"
"gold","Sangalala General Trading Limited","1","1","7","Gold/Copper","1","0"
"gold","STREAMVILLE HOLDING LIMITED  i","1","1","2","Gold/Copper","0","0"
"gold","Sunshine Eagle Mining Ltd","1","1","4","Gold/Silver/Cobalt","1","1"
"gold","Taida Resources Limited","1","0","10","Malachite/Silver/Zinc","0","0"
"gold","Tanda INVESTMENTS LIMITED","1","0","349","Gold/Copper/Cobalt","0","0"
"gold","Tertiary Minerals  Zambia Limited","1","0","4116","Iron Ore/Lead/Zinc","0","0"
"gold","Umetal Investments Limited","1","1","40","Gold/Copper","0","0"
"gold","Unified Mining Limited","1","1","13","Silver/Gold/Copper","1","0"
"gold","WANTU RESOURCES COMPANY LIMITED","1","0","3636","Quartz/Gold/Copper","0","0"
"gold","Xpoint Investment Limited","1","1","69","Gold/Copper","1","0"
"gold","Zambia Investments Connections Limited","1","0","51300","Gold/Copper/Cobalt","0","0"
"gold","Zhixing Investment Limited","1","1","27","Gold/Copper","0","0"
"industrial_minerals","Aggregates Limited","1","1","36","Dolomite","0","0"
"industrial_minerals","Ameya Marble Limited","1","1","3","Limestone (General)","1","0"
"industrial_minerals","Asalaam Zambia Limited","1","0","175","Limestone (General)/Sand/Dolomite","0","0"
"industrial_minerals","Astro Quarries Limited","1","1","10","Limestone (General)","1","1"
"industrial_minerals","Basemetalic Zambia Limited","1","0","297","Marble/Limestone (General)","1","1"
"industrial_minerals","Bendu Transport Limited","1","1","67","Silica/Sand and Gravel","1","1"
"industrial_minerals","Blue Dream Investment Limited","1","1","2","Laterite/Limestone (General)/Dolomite","1","0"
"industrial_minerals","Brockworth Exploration & Mining Limited","1","0","10696","Anhydrite/Gypsum","0","1"
"industrial_minerals","Changzhou Zambia Resources Company Limited","1","1","43","Limestone (General)","1","1"
"industrial_minerals","Charizma Enterprises Limited","1","1","46","Limestone (General)/Dolomite","1","1"
"industrial_minerals","Chilanga Cement  Plc","1","1","119","Limestone (General)","1","0"
"industrial_minerals","Chimsoro Farms Limited","1","0","472","Silica/Sand and Gravel/Quartz","0","0"
"industrial_minerals","Clean Lime Zambia Limited","1","1","3","Limestone (General)","1","1"
"industrial_minerals","Coles Logistics Limited","1","0","323","Quartz/Sandstone/Limestone (General)","1","0"
"industrial_minerals","Kabipupu Multi Purpose Co-operative Society Limited","1","1","7","Silica/Stone/Sand and Gravel","1","0"
"industrial_minerals","Kadesh Multi Purpose Cooperative Society Limited","1","1","7","Feldspar/Clay (General)","1","0"
"industrial_minerals","Kafubu Limestone Limited","1","1","7","Stone/Limestone (General)","1","1"
"industrial_minerals","Kalombwe Minerals Limited","1","0","33","Sand and Gravel/Quartz/Limestone (General)","1","0"
"industrial_minerals","Kamamu Engineering Limited","2","0","293","Limestone (General)/Marble/Dolomite","2","0"
"industrial_minerals","Kanfield Limited","1","0","51","Anhydrite/Gypsum","1","1"
"industrial_minerals","Kanshimba Development Company Limited","1","0","212","Silica/Granite","1","0"
"industrial_minerals","Kekedar Investment Zambia Company Limited","1","0","1699","Sand/Molding/Talc-Soapstone","1","0"
"industrial_minerals","Kindred Mining Limited","1","0","887","Silica/Quartz/Limestone (General)","1","0"
"industrial_minerals","Kinghorse Investment Limited","1","0","632","Limestone (General)/Sand and Gravel/Clay (General)","1","0"
"industrial_minerals","Klay Investements Limited","1","0","268","Limestone (General)/Granite/Dolomite","1","0"
"industrial_minerals","Kovichi Contractors and Suppliers Limited","1","1","27","Silica/Sand and Gravel","1","1"
"industrial_minerals","Lanorth Zambia Limited","1","0","3567","Anhydrite/Gypsum/Feldspar","1","0"
"industrial_minerals","Lu Hang Stone Mining Company Limited","1","1","96","Limestone (General)/Dolomite","1","0"
"industrial_minerals","Lulea Mining Engineering Limited","2","0","1907","Limestone (General)/Kaolin/Silica","1","0"
"industrial_minerals","Mandala Multi-purpose Co-operative Society Limited","1","1","7","Quartz","0","0"
"industrial_minerals","MLG Resources Limited","1","0","353","Silica/Quartz","1","0"
"industrial_minerals","Mopti Company Limited","1","1","402","Quartz","1","1"
"industrial_minerals","Munyaka Investments Limited","2","0","5333","Sand/Feldspar/Clay (General)","0","0"
"industrial_minerals","Mupika Sericulture Company Limited","2","0","1910","Silica/Feldspar/Clay (General)","0","0"
"industrial_minerals","Myanango Enterprises Company Limited","2","0","8089","Silica/Granite","2","0"
"industrial_minerals","Newcrest Lime Limited","1","1","92","Limestone (General)","1","0"
"industrial_minerals","Northdale Explorations & Logistics Limited","1","0","979","Stone/Silica/Crushed/Broken Stone","0","0"
"industrial_minerals","Nyolelo Investments Limited","3","0","1539","Limestone (General)/Feldspar/Clay (General)","1","0"
"industrial_minerals","One Palm Mining Limited","1","1","26","Limestone (General)","1","0"
"industrial_minerals","Shen Zhou Investment Compmay Limited","1","1","79","Limestone (General)/Granite/Crushed/Broken Stone","1","0"
"industrial_minerals","Starmiles Enterprises Limited","1","1","59","Talc-Soapstone/Marble/Limestone (General)","1","1"
"industrial_minerals","Surya Biofuels Limited","1","0","1588","Mineral Sands/Silica/Clay (General)","0","0"
"industrial_minerals","Tianyu Mining Zambia Limited","1","1","1","Limestone (General)/Granite/Dolomite","1","0"
"industrial_minerals","Tikumbe Tonse Investments Limited","1","0","402","Limestone (General)/Sand and Gravel/Talc-Soapstone","0","0"
"industrial_minerals","TRYTON CONSTRUCTION & ENGINEERING COMPANY LIMITED","1","0","43","Limestone (General)/Dolomite","1","0"
"industrial_minerals","United Quarries Limited","1","1","96","Limestone (General)","1","1"
"industrial_minerals","Uniturtle Industries Zambia Limited","2","0","222","Limestone (General)/Dolomite","1","1"
"industrial_minerals","Upper Hands Mining Co-operative Society Limited","1","1","7","Quartz/Granite","1","0"
"industrial_minerals","Zambezi Natural Stone Company Limited","1","1","4","Talc-Soapstone","1","1"
"industrial_minerals","Zambian Gold Tiger Construction and Materials Limited","1","1","7","Limestone (General)/Granite/Dolomite","1","1"
"iron_ferro","Junior Jala Holdings limited","1","0","59","Iron Ore","1","0"
"other","Hotspur Helium Zambia Limited","1","0","160556","Helium/Nitrogen-Nitrates/Geothermal","0","0"
"other","Kasompe Mining Limited","1","1","10","Laterite","1","1"
"other","Lusinde Investments Limited","1","1","155","Diatomite","1","1"
"other","ZAKOR Metals Ltd","1","1","120","Malachite","1","1"
"unknown","Green Machinery Suppiers Limited","1","1","13","","1","0"
"unknown","Kabundi Manganese Company Limited","1","0","12862","","0","0"
"unknown","Kamwambizi Small Scale Mines Mining Cooperative Society","1","1","7","","1","0"
"unknown","Royal Mines Limited","1","1","140","","1","0"
"unknown","Stamojan Limited","1","0","4","","0","0"
"unknown","Zambia Minerals Investment Corporation Limited","1","0","1436","","0","0"
