"holder","licenses","mining_lics","hectares","main_commodities","score"
"Kagem Mining Limited","10","10","13280","Emerald/Beryllium/Aquamarine","44.1231861219584"
"Metro Mining Limited","11","9","2012","Emerald/Beryllium/Aquamarine","41.3036943890055"
"Lumwana Mining Co. Limited","12","6","699256","Gold/Silver/Cobalt","35.8446364173078"
"CNMC Luanshya Copper Mines PLC","7","7","12737","/Copper/Cobalt","32.1050718439524"
"FQM Trident Limited","6","6","114114","Platinum Group Metals/Nickel/Silver","29.0573385482361"
"Konkola Copper Mines Plc","7","5","139197","/Gold/Silver","27.1436290463943"
"Konige Mining and Exploration Limited","9","4","34501","Gold/Copper/Cobalt","25.5378361253772"
"Kyulu Development Trust","5","5","1379","Sandstone/Malachite/Manganese","23.1396269021029"
"San He (Zambia) Limited","6","4","32155","Manganese/Copper/Cobalt","22.5072547402699"
"San He Manufacturing Zambia Limited","8","3","36732","Copper/Zinc/Manganese","21.5650433956752"
"Feedstock and Nutrition Manufactures Co-operative Society Limited","5","5","34","Gold/Copper","21.525692524505"
"Farmers Development Cooperaative Union Society Limited","5","5","34","Gold/Copper","21.525692524505"
"Hounslow Investments Zambia Limited","6","4","2634","Copper/Gold/Manganese","21.4205361921444"
"Statunga Investments Limited","5","4","23159","Gold/Copper/Cobalt","21.3647260398432"
"Luwi Investments Limited","6","4","1917","Gold/Copper/Quartz","21.2826953273514"
"African Power Coal Limited","4","4","12526","Copper/Cobalt/Gold","20.0978133781646"
"Tancol Minerals Limited","5","4","1072","Quartz/Tourmaline/Tantalum","20.0300869680925"
"Universal Mining and Chemical Industries Limited","4","4","9306","/Iron Ore/Copper","19.9687469986989"
"Gold Hunters Mining Limited","7","3","4417","Gold/Copper/Iron Ore","19.6451124341782"
"Junren International Investments Zambia Limited","6","3","39677","Fluorine-Fluorite/Feldspar/Aluminum (General)","19.5985389424069"
"J.S.Moyo Farms Limited","4","4","1219","Sand and Gravel/Iron Ore/Silica","19.0858591067328"
"KAMPELEMBE CSS MINES LIMITED","4","4","1129","Manganese/Iron Ore/Copper","19.0526517029054"
"Rio Resources Zambia Limited","7","2","30759","Manganese/Cobalt/Zinc","17.4879715047178"
"Tawampa Multi-purpose Co-operative Society Limited","4","4","27","Dolomite/Granite","17.423309784271"
"Zabwino-Ndidi Multi-Purpose Co-operative Society Limited","4","4","26","Gold/Copper","17.4216960401725"
"Libra Mining Multi-Purpose Cooperative Society Limited","4","4","26","Quartz/Silica/Limestone (General)","17.4216911060265"
"Matala Gold Hero Multi-Purpose Society Limited","4","4","26","Gold/Silver/Zinc","17.4216631448071"
"Sichanzu Multipurpose Cooperative  society Limited","4","4","26","Iron Ore/Zinc/Gold","17.4216039268698"
"Moyo Chiefdom Multi purpose Cooperative Society Limited","4","4","26","Feldspar/Emerald/Beryllium","17.4183012913197"
"Zambian Anglo Mining Limited","6","2","257798","Iron Ore/Manganese/Gold","17.4112788702527"
"Thandizo Lathu Multipurpose Co-operative Society Limited","4","4","22","Iron Ore/Manganese/Quartz","17.3405829082475"
"Designer Rocks Zambia Limited","4","3","18877","Limestone (General)/Marble/Dolomite","17.275938709014"
"Chelekapa Mult-Purpose Co-operative Society Limited","4","4","19","Copper/Zinc/Tourmaline","17.2753113545418"
"Kabundi Resources Limited","5","3","1743","Limestone (General)/Manganese/Gold","17.2411950430131"
"Chibuluma Mines Plc","6","2","158197","Zinc/Nickel/Copper","17.1991990944455"
"Builders Mining Corporation Limited","6","2","152195","Tin/Tantalum/Tungsten","17.1824009205793"
"Mohafra Mining Limited","7","2","13959","Copper/Manganese/Iron Ore","17.1448572535634"
"Sabi Minerals Limited","4","3","10185","Gold/Copper/Silver","17.0079471109581"
"Showplus Investments Limited","4","3","10103","Amethyst/Aquamarine/Coal","17.0044655356211"
"Brigade Construction Limited","6","2","79768","Manganese/Gold/Silver","16.9018272174494"
"Blue Ocean Minerals and Metals Limited","6","2","25666","Manganese/Quartz/Copper","16.409351988338"
"Sino-Metals Leach Zambia Limited","3","3","22096","Copper/","16.344309364654"
"Chillerton Group Limited","3","3","19385","Nickel/Silver/Zinc","16.2874754522417"
"Sezic Resources Limited","4","3","1470","Coal/Anhydrite/Quartz","16.1673044238972"
"Katiso Resources Limited","6","2","2566","Copper/Gold/Manganese","15.4093136177191"
"Axor Mineral Resources Limited","5","2","21858","Gold/Manganese/Quartz","15.339601281834"
"Chilanga Cement Plc","3","3","2178","Limestone (General)//Pyrophyllite","15.3379773101097"
"IBAS Trades Limited","3","3","1553","Gold/Nickel/Silver","15.1910681132274"
"Mimbula Minerals Limited","3","3","1345","Copper/Gold/Cobalt","15.1286440719999"
"Kamdec Investments Ltd","3","3","1170","Iron Ore/Gold/Manganese","15.0682013030532"
"Mkula Mining Limited","3","3","1154","Gold","15.0620980121328"
"Colchi Farms Limited","3","3","1118","Limestone (General)/Gold/Cobalt","15.0482752014076"
"Scirocco Enterprises Limited","3","3","1111","Limestone (General)/Gold/Silver","15.0458358866673"
"Mwala Crushing Limited","5","2","11101","Limestone (General)/Cobalt/Gold","15.0453521264021"
"Synite Quarries Zambia Limited","3","3","1088","Granite/Sand and Gravel/Silver","15.0368057305733"
"Momentsky Company Limited","5","2","9642","Fluorine-Fluorite/Cobalt/Copper","14.9841766624231"
"Zaco Investments Limited","4","2","85547","Zinc/Silver/Gold","14.9322026843947"
"Lufwambula Small Scale Mining Limited","3","3","840","Gold/Copper/Cobalt","14.9245099179052"
"United Gypsum Investments Limited","3","3","793","Anhydrite/Gypsum","14.899469260142"
"Zambezi Portland Cement Limited","3","3","774","Dolomite/Limestone (General)/Laterite","14.8884688522452"
"Array Metals And Natural Resources Limited","3","3","753","Gold/Copper","14.8767326824849"
"Lipmar Resources Limited","3","3","655","Copper/Iron Ore/Gold","14.8162928155336"
"Amar Ferro Alloys Limited","4","2","59900","Manganese/Lead/Zinc","14.7774267404606"
"Chambishi Copper Smelter Limited","3","3","467","/Copper","14.6694603507384"
"Sino Great Logistics Company Limited","4","2","38558","Talc-Soapstone/Coal/Limestone (General)","14.5861194987972"
"Yuanhua Investment Limited","4","2","32357","Cobalt/Copper/Quartz","14.5099748028109"
"GREEN ACRE MINING LIMITED","3","3","262","Emerald/Beryllium","14.4186328529888"
"ZL Mining One Company Limited","4","2","26054","Copper/Iron Ore/Gold","14.4158704115611"
"Tubombeshe Mining Limited","3","3","257","Emerald/Copper/Cobalt","14.4098714389953"
"Ever Great Energy Company Limited","4","2","25291","Gold/Limestone (General)/Phosphorus-Phosphates","14.4029598196549"
"Maamba Colieries Limited","4","2","19497","Tantalum/Lithium/Amethyst","14.2899751913584"
"Kuma Mining Company Limited","4","2","17520","Granite/Marble/Limestone (General)","14.2435391586562"
"Curprite Geoservices Limited","6","1","152543","Gold/Copper/Cobalt","14.1833928600343"
"Euro Africa Kalengwa Mines Limited","3","2","149593","Gold/Iron Ore/Silver","14.1749104394464"
"Khadela Mining Limited","3","3","109","Amethyst/","14.0392514761794"
"African Pearl Estates Limited","6","1","53996","Gold/Copper/Cobalt","13.7323577947295"
"Pridegems Mines Limited","3","2","51091","Emerald/Copper/Gold","13.7083460913544"
"Dason Zambia Limited","3","2","49731","Gold/Copper/Cobalt","13.6966256246391"
"DAS Overseas Limited","3","2","45831","Manganese/Tin/Zinc","13.6611588784984"
"Goviex Uranium Zambia Limited","3","2","45462","Uranium/Sand and Gravel/","13.6576516270338"
"Freca Mining & Manufacturing Limited","3","2","32964","Copper/Nickel/Silver","13.518041608968"
"Tauraus Mineral Resources Limited","6","1","27651","Gold/Copper/Cobalt","13.4417172848798"
"Eagles Eye Transformation Limited","3","2","24074","Copper/Cobalt/Manganese","13.3815398711274"
"CHALO MBANTHU YOUNG WOMEN MULTI-CO-OPERATIVE SOCIETY LIMITED","3","3","20","Gold/Quartz/Copper","13.3043095340297"
"Learn To Share Mining Co-Operative Society Limited","3","3","20","Gold/Quartz/Tin","13.3035718512041"
"Mukala Mineral co-operative Society Limited","3","3","20","Copper/Cobalt/Gold","13.3033926338101"
"ZAMSERE YOUTHS MINING COOPERATIVE SOCIETY LIMITED","3","3","20","Quartz/Manganese/Iron Ore","13.3018977171952"
"LELO Mult-Purpose Co-operative Society Limited","3","3","20","Manganese/Gold/Copper","13.2976642336413"
"Luiri Miners Cooperative Society","3","3","20","Gold/Copper/Silver","13.2967397596794"
"MineralXplore Multi-Purpose  Cooperative Society limited","3","3","20","Sand/Limestone (General)/Gold","13.2966651902615"
"Lyon Investment Zambia Limited","5","1","179899","Manganese/Gold/Copper","13.2550298652883"
"Makaasa Multi-Purpose Co-operative Society Limited","3","3","17","Quartz/Nickel/Rare EarthsElements","13.2242351437169"
"Grizzly Copper Mines Limited","3","2","15798","Copper/Gold/Silver","13.1986119014856"
"Chiponde Mining Company Limited","5","1","147381","Aquamarine/Copper/Manganese","13.1684408158871"
"Zambian Anglo Mkushi Limited","5","1","126058","Gold/Copper/Manganese","13.1005711752185"
"Sendwe Investments Limited","5","1","70697","Gold/Nickel/Cobalt","12.8494031357415"
"Kavuluvulu Ventures Limited","3","2","7002","Coal/Quartz/Nickel","12.8452478829829"
"Avocado Mining Limited","5","1","69764","Copper/Gold/Iron Ore","12.8436311592704"
"Ulubwe Mining Limited","5","1","60417","Gold/Copper/Zinc","12.7811589797925"
"Bountiful Blessing Investments Limited","2","2","49058","Gold/Nickel/Copper","12.6907120077829"
"Kabula Mining Resources Limited","2","2","41621","Copper/","12.6193147163532"
"Zejun Investment Limited","3","2","4001","Quartz/Beryllium/Tourmaline","12.6021981509964"
"Suhails International Limited","2","2","39206","","12.5933470589543"
"Ndola Quarries Limited","3","2","3872","Limestone (General)/Zinc/Silver","12.5879256352266"
"OSPREY RESOURCES LIMITED","2","2","35560","Silver/Uranium/Gold","12.5509665751873"
"Metacorp Exploration and Mining Investment Limited","6","1","3190","Copper/Gold/Iron Ore","12.503814262293"
"Nakuru Logistics Limited","5","1","30155","Copper/Gold/Nickel","12.4793547241195"
"Mopani Copper Mines Plc","2","2","28547","","12.455557500824"
"Tawansangthong Mining Limited","2","2","25299","Tin/Tantalum/Aquamarine","12.4031077032914"
"Gulf Africa MInerals Limited","3","2","2020","Gold/Nickel/Manganese","12.3053089054102"
"Luwan Excellency Investments Limited","5","1","18362","Silver/Limestone (General)/Zinc","12.2639251391191"
"Mulangi Investments Limited","3","2","1652","Tungsten/Tin/Titanium","12.2179179428095"
"Huake Mining Zambia Company Limited","5","1","15011","Copper/Gold/Manganese","12.1764162560621"
"Zambian Weiye Limited","5","1","14208","Nickel/Silver/Coal","12.1525450497007"
"Rudra Copper Limited","4","1","113148","Copper/Gold/Cobalt","12.0536479077577"
"Sichipema Resources Limited","6","1","1082","Gold/Manganese/Cobalt","12.0342165036206"
"Baudot Cement Zambia Limited","2","2","10435","Limestone (General)","12.0185095876143"
"Peco Limited","2","2","10084","Manganese/Copper","12.0036524495829"
"Prekas Company Limited","3","2","970","Iron Ore/Gold/Copper","11.9865852162282"
"Badiye Limited","3","2","797","Copper/Gold/Silver","11.9013111703589"
"Mulennsali Investment Limited","5","1","7677","Copper/Manganese/Quartz","11.8851921063151"
"Eagles Holding Limited","4","1","59800","Lead/Silver/Zinc","11.7767006625442"
"Broken Hill Marketing Limited","3","2","530","Copper/Manganese/Silver","11.72403341645"
"Salman mining Enterprises Limited","4","1","46115","Silver/Nickel/Platinum Group Metals","11.6638445673775"
"Sulwaitech Services Limited","8","0","4519","Copper/Zinc/Gold","11.6550122212581"
"Deacons Mines Limited","5","1","4145","Copper/Gold/Iron Ore","11.6175574436266"
"Nyami Resources Limited","4","1","27472","Gold/Copper/Cobalt","11.4388948828442"
"Ferro Alloys Corporation Limited","4","1","27414","Manganese/Copper/Lead","11.4379724480445"
"Mulopwe Metals Mining Limited","2","2","2176","Gold/Copper/Lead","11.3376375749467"
"Newmont Industries Limited","5","1","2100","Limestone (General)/Marble/Granite","11.3221520566073"
"Orein Resources Limited","4","1","19306","Gold/Copper/Zinc","11.2857022941565"
"Tiger Zambezi Investment Limited","4","1","16484","Gold/Copper/Nickel","11.2170718270037"
"Tuzikeni Mining and Construction Company Limited","6","0","154746","Cobalt/Copper/Zinc","11.1896206532282"
"Amizo Power Engineers Limited","4","1","13902","Copper/Manganese/Iron Ore","11.1430918197686"
"Tawakkal Gems Investments Co. Limited","4","1","11423","Copper/Gold/Zinc","11.057762208501"
"Safearth Mining Limited","4","1","10647","Manganese/Copper/Iron Ore","11.0272245618981"
"Truestone Mineral Processing Limited","4","1","10034","Lead/Manganese/Zinc","11.0014590861347"
"Southern African Rare Metals Mining Company Limited","3","1","94518","Tantalum/Tin/Rare EarthsElements","10.9755133452734"
"Huacheng Calcium Industry Limited","3","2","92","Limestone (General)","10.9654994412026"
"Grizzly Mining Limited","2","2","841","Emerald/Beryllium","10.925029501852"
"Butala Capital Company Limited","3","1","81895","Zinc/Lead/Copper","10.9132599093767"
"Keda Zambia Ceramics Company Limited","4","1","8111","Limestone (General)/Talc-Soapstone/Clay (General)","10.9090589162322"
"Workman Construction Zambia Limited","2","2","799","Palladium/Manganese/Zinc","10.9024477880266"
"Lunda Resources Limited","2","2","796","Gold/Silver/Cobalt","10.9010268641704"
"Aabrick Zambia Limited","2","2","795","Clay (General)","10.9003930762938"
"Eagle Line Investment Limited","2","2","795","Gold/Copper/Cobalt","10.9001225984685"
"Buccha Minerals Quest Limited","6","0","78831","Copper/Gold/Iron Ore","10.8966946668262"
"Dalobelt Zambia Limited","2","2","787","Lead/Manganese/Zinc","10.8961502909037"
"Mufwashi Mining and Resources Limited","2","2","779","Manganese/Iron Ore/Silver","10.8913143993821"
"Mbeze Resources Limited","5","0","776994","Lead/Gold/Molybdenum","10.8904174262708"
