"source","date","shipper","shipper_entity_id","consignee","product","hs_code","weight_kg","value_usd","origin","destination","url"
"ImportYeti (US CBP AMS sea import manifests)","2025-09-27","Mopani Copper Mines Plc (West Kitwe Copperbelt / Mufulira Mine, Zambia)",,"Mercuria Energy America LLC, 20 Greenway Plaza Ste 650, Houston TX 77046 (notify: Charter Brokerage LLC, 125 Park Ave, New York)","Copper cathodes, brand Mopani (404 packages, 40 containers)","7403.11","990477",,"Zambia (via Durban/'Port Natal' load port)","Baltimore, MD, USA","https://www.importyeti.com/supplier/mopani-copper-mines"
"ImportYeti (US CBP AMS sea import manifests)","2025-08-26","Mopani Copper Mines Plc (Zambia)",,"Mercuria Energy America LLC, 20 Greenway Plaza Ste 650, Houston TX 77046 (contact: Robbie Condliffe; notify: Charter Brokerage LLC)","Copper cathodes, brand Mopani, bundles (280 packages, 28 containers)","7403.11","694334",,"Zambia (via Durban/'Port Natal' load port)","Baltimore, MD, USA","https://www.importyeti.com/supplier/mopani-copper-mines"
"ImportYeti (US CBP AMS sea import manifests)","2025-08-10","Mopani Copper Mines Plc (Mufulira Mine, Mufulira, Zambia)",,"To The Order Of Mercuria (Mercuria Energy America LLC, Houston TX 77046)","Copper cathodes, brand KANSANSHI, bundles (252 packages, 20 containers) - Kansanshi-brand cathodes lifted by Mercuria with Mopani as shipper","7403.11","515677",,"Zambia (via Durban/'Port Natal' load port)","Baltimore, MD, USA","https://www.importyeti.com/supplier/mopani-copper-mines"
"ImportYeti (US CBP AMS sea import manifests)","2025-07-27","Mopani Copper Mines Plc (Mufulira Mine, Mufulira, Zambia)",,"To The Order Of Mercuria (Mercuria Energy America LLC, 20 Greenway Plaza, Houston TX)","Copper cathodes, bundles, brand Mopani, free days demurrage POD (240 packages, 24 containers)","7403.11","591309",,"Zambia (via Durban/'Port Natal' load port)","Norfolk, VA, USA","https://www.importyeti.com/supplier/mopani-copper-mines"
"ImportYeti (US CBP AMS sea import manifests)","2017-02-22","Kansanshi Mining Plc, Projects Department, PO Box 110385, Solwezi, Zambia",,"Minera Panama S A, Torre De Las Americas Piso 21, Punta Pacifica, Panama City (att Zafer Unlu) - FQM intra-group transfer","Scaffolding (21 PCS, 1 container, 40ft open-top)","7308.40","17938",,"Zambia (loaded Rotterdam leg)","Boston, MA, USA (in transit to Panama)","https://www.importyeti.com/supplier/kansanshi-mining"
"ImportYeti (US CBP AMS sea import manifests)","2015-10-26","Kansanshi Mining Plc, Projects Department, Solwezi, Zambia",,"Minera Panama S A, Torre De Las Americas Piso 20, Punta Pacifica, Panama (FQM intra-group)","Grove crane, disassembled, counterweights, inserts, bottom block (8 PCS)","8479.10","115773",,"Zambia (via Durban/'Port Natal')","Houston, TX, USA (goods in transit to Minera Panama, Panama)","https://www.importyeti.com/supplier/kansanshi-mining"
"ImportYeti (US CBP AMS sea import manifests)","2015-07-14","Kansanshi Mining Plc, Projects Department, Solwezi, Zambia",,"Minera Panama S A, Panama (FQM intra-group)","Manitowoc crawler crane, completely knocked down, plus accessories (33 PCS)","8426.49","310154",,"Zambia (via Durban/'Port Natal')","Houston, TX, USA (goods in transit to Panama)","https://www.importyeti.com/supplier/kansanshi-mining"
"ImportYeti (US CBP AMS sea import manifests)","2015-07-14","Kansanshi Mining Plc, Projects Department, Solwezi, Zambia",,"Minera Panama S A, Panama (FQM intra-group)","Manitowoc boom section for crawler crane (1 PCS)","8426.49","2950",,"Zambia (via Durban/'Port Natal')","Houston, TX, USA (goods in transit to Panama)","https://www.importyeti.com/supplier/kansanshi-mining"
"ImportYeti (US CBP AMS sea import manifests)","2015-07-05","Kansanshi Mining Plc, Projects Department, Solwezi, Zambia",,"Minera Panama S A, Panama (FQM intra-group)","Breakbulk SLAC 1x100MT crawler cranes and parts/accessories/components, vehicle with flammable liquid powered IMO 9 UN3166, PO 1824-4089 (17 PCS)","8426.49 (HTS 8426.49.0010 cable operated)","97510",,"Zambia (via Durban/'Port Natal')","Houston, TX, USA (in-bond, goods in transit to Minera Panama, Panama)","https://www.importyeti.com/supplier/kansanshi-mining"
"ImportYeti (US CBP AMS sea import manifests)","2015-05-18","Kansanshi Mining Plc, Projects Department, Solwezi, Zambia",,"Minera Panama S A, Panama (FQM intra-group)","Mobile cranes with serials, 5 units (in transit to Minera Panama)","8626.49 (as recorded; railway/mobile crane equipment)","178280",,"Zambia (via Durban/'Port Natal')","Houston, TX, USA (in-bond, goods in transit to Panama)","https://www.importyeti.com/supplier/kansanshi-mining"
"ImportYeti (US CBP AMS sea import manifests)","2016-03-25","CNMC Luanshya Copper Mines Plc, PO Box 90456, Plot 867C Independence, Luanshya, Zambia",,"Gerald Metals, Morges, Switzerland (notify party Montreal, Canada)","Copper cathodes, bundles (187 packages, 21 containers)","7403.11","503601",,"Zambia","USA (Africa-US transatlantic entry)","https://www.importyeti.com/supplier/cnmc-luanshya-copper-mines"
"ImportYeti (US CBP AMS sea import manifests)","2015-02-26","Chambishi Metals Plc, Kitwe/Chingola Rd, Kitwe, Zambia (ERG cobalt refinery)",,"Shepherd Chemical Company, Athens, OH/Cincinnati area, USA","Cobalt metal in drums (40 drums, 1 container)",,"10512",,"Zambia","USA (transatlantic, carrier MSC)","https://www.importyeti.com/supplier/chambishi-metals"
"ImportYeti (US CBP AMS sea import manifests)","2015-03-26","Chambishi Metals Plc, Kitwe/Chingola Rd, Kitwe, Zambia (ERG cobalt refinery)",,"Shepherd Chemical Company, Athens, OH/Cincinnati area, USA","Cobalt metal in drums (55 drums, 1 container)",,"11660",,"Zambia","USA (transatlantic, carrier MSC)","https://www.importyeti.com/supplier/chambishi-metals"
"ImportYeti (US CBP AMS sea import manifests)","2020-01-13","Matalloy Company Ltd, Luanshya, Zambia (slag/alloy processor)",,"Celtic Marine Corp, Shrub Oak, NY, USA","Earth and stone / ores (metallurgical slag or alloy material)",,"149380",,"Zambia (via Durban load port)","USA","https://www.importyeti.com/supplier/matalloy"
"ImportYeti (US CBP AMS sea import manifests)","2020-08-23","Matalloy Company Ltd, Luanshya, Zambia (slag/alloy processor)",,"Celtic Marine Corp, Mount Sinai, NY, USA","Earth and stone / ores (metallurgical slag or alloy material)",,"125126",,"Zambia","USA","https://www.importyeti.com/supplier/matalloy"
"ImportYeti (US CBP AMS sea import manifests)","2015-06-30","First Quantum Mining & Operations, Solwezi District, Zambia",,"Michelin North America Inc, Greenville, SC, USA","Used/returned mining tyres, assorted sizes XDR (14 units, 5 containers)","3204.16 (as recorded on manifest)","79001",,"Zambia","USA (carrier Maersk)","https://www.importyeti.com/supplier/first-quantum-mining-operations"
"ImportYeti (US CBP AMS sea import manifests)","2016-08-05","Kalumbila Minerals Ltd (FQM Sentinel/Trident), Solwezi District, Zambia",,"Minera Panama S A, Panama (FQM intra-group)","Miscellaneous chemicals (5 pieces, 1 container)",,"70960",,"Zambia (via Durban)","Houston, TX, USA (in transit to Panama)","https://www.importyeti.com/supplier/kalumbila-minerals"
"ImportYeti (US CBP AMS sea import manifests)","2019-01-16","Kalumbila Minerals Ltd (FQM Sentinel/Trident), Solwezi District, Zambia",,"Komatsu America Corp, USA","Machinery part in crate (1 crate)",,"1024",,"Zambia","USA","https://www.importyeti.com/supplier/kalumbila-minerals"
"ImportYeti (US CBP AMS sea import manifests)","2020-02-13","Kalumbila Minerals Ltd (FQM Sentinel/Trident), Solwezi District, Zambia",,"Minera Panama S A, Distrito de Panama, Panama (FQM intra-group)","Mining equipment/machinery, breakbulk (1 package)",,"87700",,"Zambia (via Durban)","Houston, TX, USA (in transit to Panama)","https://www.importyeti.com/supplier/kalumbila-minerals"
"ImportYeti (US CBP AMS sea import manifests)","2020-02-13","Kalumbila Minerals Ltd (FQM Sentinel/Trident), Solwezi District, Zambia",,"Minera Panama S A, Panama (FQM intra-group)","Mining equipment/machinery (1 package, 1 container)",,"16000",,"Zambia (via Durban)","Houston, TX, USA (in transit to Panama)","https://www.importyeti.com/supplier/kalumbila-minerals"
"ImportYeti (US CBP AMS sea import manifests)","2020-02-13","Kalumbila Minerals Ltd (FQM Sentinel/Trident), Solwezi District, Zambia",,"Minera Panama S A, Panama (FQM intra-group)","Mining equipment/machinery (1 package, 1 container)",,"16000",,"Zambia (via Durban)","Houston, TX, USA (in transit to Panama)","https://www.importyeti.com/supplier/kalumbila-minerals"
"ImportYeti (US CBP AMS sea import manifests) - inbound to Zambia entity","2016-03-29","Charles Tennant & Company, Canada",,"Konkola Copper Mines (US notify address New York, NY; operations Chililabombwe, Zambia)","Organic chemicals - flotation reagents (1 container)",,"13200",,"Canada","USA (in transit to KCM Zambia)","https://www.importyeti.com/company/konkola-copper-mines"
"ImportYeti (US CBP AMS sea import manifests) - inbound to Zambia entity","2019-12-08","Prospec Chemicals, Alberta, Canada",,"Konkola Copper Mines (US notify address New York, NY; operations Chililabombwe, Zambia)","Sodium isopropyl xanthate (flotation reagent), drums (3 containers)","2930.90.24","39600",,"Canada","USA (in transit to KCM Zambia)","https://www.importyeti.com/company/konkola-copper-mines"
"ImportYeti (US CBP AMS sea import manifests) - inbound to Zambia entity","2025-09-23","Prospec Chemicals, Sturgeon County, Alberta, Canada",,"Konkola Copper Mines (US notify address New York, NY; operations Chililabombwe, Zambia)","Organic chemicals - xanthate flotation reagents, drums (3 containers)","2930.90.24","39600",,"Canada","USA (in transit to KCM Zambia)","https://www.importyeti.com/company/konkola-copper-mines"
