"commodity","hs_code","year","volume","unit","value_usd","value_zmw","customs_transactions","source"
"Electro-refined copper cathodes (High Purity)","74031110","2023","615698336.68","kg",,"124052100440.29","34191","https://zambiaeiti.org/wp-content/uploads/2025/11/Mineral-Exports-volumes-and-values.xlsx (sheet 'Mineral Exports', 34191 customs records for 2023, aggregated by HS code; values reported in ZMW only)"
"Copper anodes for electrolytic refining","74020020","2023","557300446","kg",,"107675882700.63","18453","https://zambiaeiti.org/wp-content/uploads/2025/11/Mineral-Exports-volumes-and-values.xlsx (sheet 'Mineral Exports', 18453 customs records for 2023, aggregated by HS code; values reported in ZMW only)"
"Other - copper concentrate","26030029","2023","386020967.50","kg",,"30091381902.05","21455","https://zambiaeiti.org/wp-content/uploads/2025/11/Mineral-Exports-volumes-and-values.xlsx (sheet 'Mineral Exports', 21455 customs records for 2023, aggregated by HS code; values reported in ZMW only)"
"Electro-won copper cathodes (High Purity)","74031130","2023","113850660","kg",,"19918320177.72","4341","https://zambiaeiti.org/wp-content/uploads/2025/11/Mineral-Exports-volumes-and-values.xlsx (sheet 'Mineral Exports', 4341 customs records for 2023, aggregated by HS code; values reported in ZMW only)"
"Sulphur of all kinds (excl. sublimed, precipitated and colloidal sulphur)","25030000","2023","717423640.43","kg",,"7153161163.45","38816","https://zambiaeiti.org/wp-content/uploads/2025/11/Mineral-Exports-volumes-and-values.xlsx (sheet 'Mineral Exports', 38816 customs records for 2023, aggregated by HS code; values reported in ZMW only)"
"Copper blister","74020011","2023","35413816.93","kg",,"5724530094.09","1504","https://zambiaeiti.org/wp-content/uploads/2025/11/Mineral-Exports-volumes-and-values.xlsx (sheet 'Mineral Exports', 1504 customs records for 2023, aggregated by HS code; values reported in ZMW only)"
"Cement clinkers","25231000","2023","388758402","kg",,"3747848956.78","12301","https://zambiaeiti.org/wp-content/uploads/2025/11/Mineral-Exports-volumes-and-values.xlsx (sheet 'Mineral Exports', 12301 customs records for 2023, aggregated by HS code; values reported in ZMW only)"
"Electro-won copper cathodes (Low Purity)","74031140","2023","19889525","kg",,"3279600102.44","754","https://zambiaeiti.org/wp-content/uploads/2025/11/Mineral-Exports-volumes-and-values.xlsx (sheet 'Mineral Exports', 754 customs records for 2023, aggregated by HS code; values reported in ZMW only)"
"Nickel ores and concentrates","26040000","2023","60829181.95","kg",,"2690425225.85","1849","https://zambiaeiti.org/wp-content/uploads/2025/11/Mineral-Exports-volumes-and-values.xlsx (sheet 'Mineral Exports', 1849 customs records for 2023, aggregated by HS code; values reported in ZMW only)"
"Ferro-silico-manganese","72023000","2023","113525300.12","kg",,"2098950247.58","3987","https://zambiaeiti.org/wp-content/uploads/2025/11/Mineral-Exports-volumes-and-values.xlsx (sheet 'Mineral Exports', 3987 customs records for 2023, aggregated by HS code; values reported in ZMW only)"
"#NAME?","74032910","2023","12819713","kg",,"1442477473.39","561","https://zambiaeiti.org/wp-content/uploads/2025/11/Mineral-Exports-volumes-and-values.xlsx (sheet 'Mineral Exports', 561 customs records for 2023, aggregated by HS code; values reported in ZMW only)"
"Copper concentrate mixed","26030022","2023","24580649.60","kg",,"1369500092.64","1187","https://zambiaeiti.org/wp-content/uploads/2025/11/Mineral-Exports-volumes-and-values.xlsx (sheet 'Mineral Exports', 1187 customs records for 2023, aggregated by HS code; values reported in ZMW only)"
"Quicklime","25221000","2023","295781350","kg",,"1041537335.84","8754","https://zambiaeiti.org/wp-content/uploads/2025/11/Mineral-Exports-volumes-and-values.xlsx (sheet 'Mineral Exports', 8754 customs records for 2023, aggregated by HS code; values reported in ZMW only)"
"Bullion semi-manufactured forms","71081310","2023","777.27","kg",,"925004860.34","15","https://zambiaeiti.org/wp-content/uploads/2025/11/Mineral-Exports-volumes-and-values.xlsx (sheet 'Mineral Exports', 15 customs records for 2023, aggregated by HS code; values reported in ZMW only)"
"Precious (excl. diamonds) or semi-precious stones, unworked","71031000","2023","1749541.21","kg",,"767019261.57","245","https://zambiaeiti.org/wp-content/uploads/2025/11/Mineral-Exports-volumes-and-values.xlsx (sheet 'Mineral Exports', 245 customs records for 2023, aggregated by HS code; values reported in ZMW only)"
"Rubies, sapphires and emeralds, worked but not set...","71039100","2023","18399.92","kg",,"605826772.82","57","https://zambiaeiti.org/wp-content/uploads/2025/11/Mineral-Exports-volumes-and-values.xlsx (sheet 'Mineral Exports', 57 customs records for 2023, aggregated by HS code; values reported in ZMW only)"
"Emerald Rough---Low grade","71031000","2023","5367.56","kg",,"542201177.15","78","https://zambiaeiti.org/wp-content/uploads/2025/11/Mineral-Exports-volumes-and-values.xlsx (sheet 'Mineral Exports', 78 customs records for 2023, aggregated by HS code; values reported in ZMW only)"
"Copper concentrate sulphide","26030021","2023","10161781.78","kg",,"520284267.83","464","https://zambiaeiti.org/wp-content/uploads/2025/11/Mineral-Exports-volumes-and-values.xlsx (sheet 'Mineral Exports', 464 customs records for 2023, aggregated by HS code; values reported in ZMW only)"
"Magnesia and other magnesium oxide","25199000","2023","14038656","kg",,"335277105.55","789","https://zambiaeiti.org/wp-content/uploads/2025/11/Mineral-Exports-volumes-and-values.xlsx (sheet 'Mineral Exports', 789 customs records for 2023, aggregated by HS code; values reported in ZMW only)"
"Slaked lime","25222000","2023","109870009","kg",,"320279725.92","3334","https://zambiaeiti.org/wp-content/uploads/2025/11/Mineral-Exports-volumes-and-values.xlsx (sheet 'Mineral Exports', 3334 customs records for 2023, aggregated by HS code; values reported in ZMW only)"
"Other - copper concentrate","26030029","2023","3455730.80","kg",,"270057668.35","238","https://zambiaeiti.org/wp-content/uploads/2025/11/Mineral-Exports-volumes-and-values.xlsx (sheet 'Mineral Exports', 238 customs records for 2023, aggregated by HS code; values reported in ZMW only)"
"Bituminous coal, not agglomerated","27011200","2023","144608566","kg",,"267717339.93","5790","https://zambiaeiti.org/wp-content/uploads/2025/11/Mineral-Exports-volumes-and-values.xlsx (sheet 'Mineral Exports', 5790 customs records for 2023, aggregated by HS code; values reported in ZMW only)"
"Ferro-manganese, containing by weight >2% carbon","72021100","2023","15487402","kg",,"259580120.25","525","https://zambiaeiti.org/wp-content/uploads/2025/11/Mineral-Exports-volumes-and-values.xlsx (sheet 'Mineral Exports', 525 customs records for 2023, aggregated by HS code; values reported in ZMW only)"
"Copper concentrate oxide","26030023","2023","7414232.3","kg",,"250463632.95","276","https://zambiaeiti.org/wp-content/uploads/2025/11/Mineral-Exports-volumes-and-values.xlsx (sheet 'Mineral Exports', 276 customs records for 2023, aggregated by HS code; values reported in ZMW only)"
"Ferro-silicon, containing by weight >55% silicon","72022100","2023","7597337","kg",,"239747945.34","266","https://zambiaeiti.org/wp-content/uploads/2025/11/Mineral-Exports-volumes-and-values.xlsx (sheet 'Mineral Exports', 266 customs records for 2023, aggregated by HS code; values reported in ZMW only)"
"Other unrefined copper","74020019","2023","3634020","kg",,"177528795.20","125","https://zambiaeiti.org/wp-content/uploads/2025/11/Mineral-Exports-volumes-and-values.xlsx (sheet 'Mineral Exports', 125 customs records for 2023, aggregated by HS code; values reported in ZMW only)"
"Anodic slimes","71129910","2023","242871","kg",,"159998948.20","13","https://zambiaeiti.org/wp-content/uploads/2025/11/Mineral-Exports-volumes-and-values.xlsx (sheet 'Mineral Exports', 13 customs records for 2023, aggregated by HS code; values reported in ZMW only)"
"Emerald Rough---Medium grade","71031000","2023","163.87","kg",,"133247480.44","7","https://zambiaeiti.org/wp-content/uploads/2025/11/Mineral-Exports-volumes-and-values.xlsx (sheet 'Mineral Exports', 7 customs records for 2023, aggregated by HS code; values reported in ZMW only)"
"Copper ore mixed sulphide and oxide","26030012","2023","12974557.3","kg",,"101943982.97","426","https://zambiaeiti.org/wp-content/uploads/2025/11/Mineral-Exports-volumes-and-values.xlsx (sheet 'Mineral Exports', 426 customs records for 2023, aggregated by HS code; values reported in ZMW only)"
"Copper-cobalt alloy","74032990","2023","743746","kg",,"93353461.00","29","https://zambiaeiti.org/wp-content/uploads/2025/11/Mineral-Exports-volumes-and-values.xlsx (sheet 'Mineral Exports', 29 customs records for 2023, aggregated by HS code; values reported in ZMW only)"
"Emerald Rough---High grade","71031000","2023","29.30","kg",,"62066988.53","5","https://zambiaeiti.org/wp-content/uploads/2025/11/Mineral-Exports-volumes-and-values.xlsx (sheet 'Mineral Exports', 5 customs records for 2023, aggregated by HS code; values reported in ZMW only)"
"Copper ore oxide","26030013","2023","7350161","kg",,"49351678.79","244","https://zambiaeiti.org/wp-content/uploads/2025/11/Mineral-Exports-volumes-and-values.xlsx (sheet 'Mineral Exports', 244 customs records for 2023, aggregated by HS code; values reported in ZMW only)"
"MANGANESE ORES/CONCENTRATES(INC.FERRUGINOUS), WITH MANGANESE CONT.OF=>20%","26020000","2023","39323091.6","kg",,"44333026.67","1253","https://zambiaeiti.org/wp-content/uploads/2025/11/Mineral-Exports-volumes-and-values.xlsx (sheet 'Mineral Exports', 1253 customs records for 2023, aggregated by HS code; values reported in ZMW only)"
"Other refined Copper","74031900","2023","282210","kg",,"36166145.53","19","https://zambiaeiti.org/wp-content/uploads/2025/11/Mineral-Exports-volumes-and-values.xlsx (sheet 'Mineral Exports', 19 customs records for 2023, aggregated by HS code; values reported in ZMW only)"
"Hydraulic lime","25223000","2023","11279746","kg",,"33911698.87","358","https://zambiaeiti.org/wp-content/uploads/2025/11/Mineral-Exports-volumes-and-values.xlsx (sheet 'Mineral Exports', 358 customs records for 2023, aggregated by HS code; values reported in ZMW only)"
"Beryl 1, unworked","71031000","2023","526.3","kg",,"32850690.86","2","https://zambiaeiti.org/wp-content/uploads/2025/11/Mineral-Exports-volumes-and-values.xlsx (sheet 'Mineral Exports', 2 customs records for 2023, aggregated by HS code; values reported in ZMW only)"
"Fluorspar containing by weight <=97% of calcium fluoride","25292100","2023","22707965","kg",,"32779095.63","682","https://zambiaeiti.org/wp-content/uploads/2025/11/Mineral-Exports-volumes-and-values.xlsx (sheet 'Mineral Exports', 682 customs records for 2023, aggregated by HS code; values reported in ZMW only)"
"Amethyst Rough---Low grade","71031000","2023","1811688.93","kg",,"30273910.65","114","https://zambiaeiti.org/wp-content/uploads/2025/11/Mineral-Exports-volumes-and-values.xlsx (sheet 'Mineral Exports', 114 customs records for 2023, aggregated by HS code; values reported in ZMW only)"
"Other coal, not agglomerated, nes","27011900","2023","14543420.28","kg",,"27923538.67","395","https://zambiaeiti.org/wp-content/uploads/2025/11/Mineral-Exports-volumes-and-values.xlsx (sheet 'Mineral Exports', 395 customs records for 2023, aggregated by HS code; values reported in ZMW only)"
"U, I or H sections of iron/steel, hot-rolled..., <80mm high","72161000","2023","1046004.04","kg",,"23161920.56","108","https://zambiaeiti.org/wp-content/uploads/2025/11/Mineral-Exports-volumes-and-values.xlsx (sheet 'Mineral Exports', 108 customs records for 2023, aggregated by HS code; values reported in ZMW only)"
"Granite, crude or roughly trimmed","25161100","2023","1912953","kg",,"21852564.90","61","https://zambiaeiti.org/wp-content/uploads/2025/11/Mineral-Exports-volumes-and-values.xlsx (sheet 'Mineral Exports', 61 customs records for 2023, aggregated by HS code; values reported in ZMW only)"
"Electro-refined copper cathodes (Low Purity)","74031120","2023","108896","kg",,"17058521.96","10","https://zambiaeiti.org/wp-content/uploads/2025/11/Mineral-Exports-volumes-and-values.xlsx (sheet 'Mineral Exports', 10 customs records for 2023, aggregated by HS code; values reported in ZMW only)"
"Aquamarine Rough---Low grade","71031000","2023","642385.92","kg",,"15841166.11","63","https://zambiaeiti.org/wp-content/uploads/2025/11/Mineral-Exports-volumes-and-values.xlsx (sheet 'Mineral Exports', 63 customs records for 2023, aggregated by HS code; values reported in ZMW only)"
"Worked Rubies---Low grade","71039100","2023","17.25","kg",,"15751641.36","4","https://zambiaeiti.org/wp-content/uploads/2025/11/Mineral-Exports-volumes-and-values.xlsx (sheet 'Mineral Exports', 4 customs records for 2023, aggregated by HS code; values reported in ZMW only)"
"Gypsum; anhydrite","25201000","2023","5697389","kg",,"12964731.40","195","https://zambiaeiti.org/wp-content/uploads/2025/11/Mineral-Exports-volumes-and-values.xlsx (sheet 'Mineral Exports', 195 customs records for 2023, aggregated by HS code; values reported in ZMW only)"
"Tourmaline Rough---Low grade","71031000","2023","112735.47","kg",,"11585642.80","27","https://zambiaeiti.org/wp-content/uploads/2025/11/Mineral-Exports-volumes-and-values.xlsx (sheet 'Mineral Exports', 27 customs records for 2023, aggregated by HS code; values reported in ZMW only)"
"Quartz","25061000","2023","522749.2","kg",,"8795896.22","29","https://zambiaeiti.org/wp-content/uploads/2025/11/Mineral-Exports-volumes-and-values.xlsx (sheet 'Mineral Exports', 29 customs records for 2023, aggregated by HS code; values reported in ZMW only)"
"Ash containing precious metal or precious metal compounds","71123000","2023","2996","kg",,"8067886.52","3","https://zambiaeiti.org/wp-content/uploads/2025/11/Mineral-Exports-volumes-and-values.xlsx (sheet 'Mineral Exports', 3 customs records for 2023, aggregated by HS code; values reported in ZMW only)"
"Silica sands and quartz sands","25051000","2023","5943709.33","kg",,"7983233.67","246","https://zambiaeiti.org/wp-content/uploads/2025/11/Mineral-Exports-volumes-and-values.xlsx (sheet 'Mineral Exports', 246 customs records for 2023, aggregated by HS code; values reported in ZMW only)"
"Tourmaline Rough---Medium grade","71031000","2023","887.3","kg",,"7580976.74","1","https://zambiaeiti.org/wp-content/uploads/2025/11/Mineral-Exports-volumes-and-values.xlsx (sheet 'Mineral Exports', 1 customs records for 2023, aggregated by HS code; values reported in ZMW only)"
"Cobalt concentrate","26050020","2023","342150","kg",,"6534627.39","11","https://zambiaeiti.org/wp-content/uploads/2025/11/Mineral-Exports-volumes-and-values.xlsx (sheet 'Mineral Exports', 11 customs records for 2023, aggregated by HS code; values reported in ZMW only)"
"Pebbles, gravel, shingle and flint","25171000","2023","37675043.46","kg",,"5941502.76","91","https://zambiaeiti.org/wp-content/uploads/2025/11/Mineral-Exports-volumes-and-values.xlsx (sheet 'Mineral Exports', 91 customs records for 2023, aggregated by HS code; values reported in ZMW only)"
"Ingots and other primary forms, of stainless steel","72181000","2023","517720","kg",,"5351441.33","30","https://zambiaeiti.org/wp-content/uploads/2025/11/Mineral-Exports-volumes-and-values.xlsx (sheet 'Mineral Exports', 30 customs records for 2023, aggregated by HS code; values reported in ZMW only)"
"Siliceous fossil meals (kieselguhr, tripolite, etc); siliceous earths","25120000","2023","223990","kg",,"4554120.69","21","https://zambiaeiti.org/wp-content/uploads/2025/11/Mineral-Exports-volumes-and-values.xlsx (sheet 'Mineral Exports', 21 customs records for 2023, aggregated by HS code; values reported in ZMW only)"
"Quartz - Low grade","25061000","2023","1023038","kg",,"4268457.20","58","https://zambiaeiti.org/wp-content/uploads/2025/11/Mineral-Exports-volumes-and-values.xlsx (sheet 'Mineral Exports', 58 customs records for 2023, aggregated by HS code; values reported in ZMW only)"
"Limestone flux; limestone and other calcareous stone","25210000","2023","2298000","kg",,"2816717.56","77","https://zambiaeiti.org/wp-content/uploads/2025/11/Mineral-Exports-volumes-and-values.xlsx (sheet 'Mineral Exports', 77 customs records for 2023, aggregated by HS code; values reported in ZMW only)"
"Granite, merely cut into a square or rectangular shape","25161200","2023","1922257","kg",,"2728843.69","72","https://zambiaeiti.org/wp-content/uploads/2025/11/Mineral-Exports-volumes-and-values.xlsx (sheet 'Mineral Exports', 72 customs records for 2023, aggregated by HS code; values reported in ZMW only)"
"Kyanite, unworked","71031000","2023","454454","kg",,"2335519.65","22","https://zambiaeiti.org/wp-content/uploads/2025/11/Mineral-Exports-volumes-and-values.xlsx (sheet 'Mineral Exports', 22 customs records for 2023, aggregated by HS code; values reported in ZMW only)"
"Other hydraulic cements, etc","25239000","2023","1000000","kg",,"2298137.5","1","https://zambiaeiti.org/wp-content/uploads/2025/11/Mineral-Exports-volumes-and-values.xlsx (sheet 'Mineral Exports', 1 customs records for 2023, aggregated by HS code; values reported in ZMW only)"
"Silver ores and concentrates","26161000","2023","606448.5","kg",,"2179315.32","18","https://zambiaeiti.org/wp-content/uploads/2025/11/Mineral-Exports-volumes-and-values.xlsx (sheet 'Mineral Exports', 18 customs records for 2023, aggregated by HS code; values reported in ZMW only)"
"Marble and travertine merely cut into a square or rectangular shape","25151200","2023","488130","kg",,"1962957.35","19","https://zambiaeiti.org/wp-content/uploads/2025/11/Mineral-Exports-volumes-and-values.xlsx (sheet 'Mineral Exports', 19 customs records for 2023, aggregated by HS code; values reported in ZMW only)"
"Andalusite, kyanite and sillimanite","25085000","2023","342600","kg",,"1771760.25","17","https://zambiaeiti.org/wp-content/uploads/2025/11/Mineral-Exports-volumes-and-values.xlsx (sheet 'Mineral Exports', 17 customs records for 2023, aggregated by HS code; values reported in ZMW only)"
"Precious or semi-precious stones, worked but not set..., nes","71039900","2023","178632.16","kg",,"1615369.40","26","https://zambiaeiti.org/wp-content/uploads/2025/11/Mineral-Exports-volumes-and-values.xlsx (sheet 'Mineral Exports', 26 customs records for 2023, aggregated by HS code; values reported in ZMW only)"
"Brass, unwrought","74032100","2023","15910.63","kg",,"1344899.33","5","https://zambiaeiti.org/wp-content/uploads/2025/11/Mineral-Exports-volumes-and-values.xlsx (sheet 'Mineral Exports', 5 customs records for 2023, aggregated by HS code; values reported in ZMW only)"
"Unwrought gold (incl. gold plated with platinum), non-monetary","71081200","2023","1000","kg",,"1249056.69","1","https://zambiaeiti.org/wp-content/uploads/2025/11/Mineral-Exports-volumes-and-values.xlsx (sheet 'Mineral Exports', 1 customs records for 2023, aggregated by HS code; values reported in ZMW only)"
"Natural magnesium carbonate (magnesite)","25191000","2023","34000","kg",,"875415.66","1","https://zambiaeiti.org/wp-content/uploads/2025/11/Mineral-Exports-volumes-and-values.xlsx (sheet 'Mineral Exports', 1 customs records for 2023, aggregated by HS code; values reported in ZMW only)"
"Semi-products of iron or non-alloy steel, <0.25% carbon, nes","72071900","2023","13500","kg",,"757005.75","3","https://zambiaeiti.org/wp-content/uploads/2025/11/Mineral-Exports-volumes-and-values.xlsx (sheet 'Mineral Exports', 3 customs records for 2023, aggregated by HS code; values reported in ZMW only)"
"Tin ores and concentrates","26090000","2023","28015","kg",,"703802.13","3","https://zambiaeiti.org/wp-content/uploads/2025/11/Mineral-Exports-volumes-and-values.xlsx (sheet 'Mineral Exports', 3 customs records for 2023, aggregated by HS code; values reported in ZMW only)"
"Other mineral substances, nes","25309000","2023","67196.90","kg",,"275663.25","35","https://zambiaeiti.org/wp-content/uploads/2025/11/Mineral-Exports-volumes-and-values.xlsx (sheet 'Mineral Exports', 35 customs records for 2023, aggregated by HS code; values reported in ZMW only)"
"Emeralds Flats---Low grade","71031000","2023","18.49","kg",,"271519.18","2","https://zambiaeiti.org/wp-content/uploads/2025/11/Mineral-Exports-volumes-and-values.xlsx (sheet 'Mineral Exports', 2 customs records for 2023, aggregated by HS code; values reported in ZMW only)"
"Lead ores and concentrates","26070000","2023","78000","kg",,"194188.16","3","https://zambiaeiti.org/wp-content/uploads/2025/11/Mineral-Exports-volumes-and-values.xlsx (sheet 'Mineral Exports', 3 customs records for 2023, aggregated by HS code; values reported in ZMW only)"
"Granules, chippings and powder of stones (excl. marble)","25174900","2023","818","kg",,"149292.81","4","https://zambiaeiti.org/wp-content/uploads/2025/11/Mineral-Exports-volumes-and-values.xlsx (sheet 'Mineral Exports', 4 customs records for 2023, aggregated by HS code; values reported in ZMW only)"
"Amazonite Rough","71031000","2023","19000","kg",,"77830.2","2","https://zambiaeiti.org/wp-content/uploads/2025/11/Mineral-Exports-volumes-and-values.xlsx (sheet 'Mineral Exports', 2 customs records for 2023, aggregated by HS code; values reported in ZMW only)"
"Aluminous cement","25233000","2023","30000","kg",,"76800","1","https://zambiaeiti.org/wp-content/uploads/2025/11/Mineral-Exports-volumes-and-values.xlsx (sheet 'Mineral Exports', 1 customs records for 2023, aggregated by HS code; values reported in ZMW only)"
"Morganite Rough---Low grade","71031000","2023","3.85","kg",,"62811.40","5","https://zambiaeiti.org/wp-content/uploads/2025/11/Mineral-Exports-volumes-and-values.xlsx (sheet 'Mineral Exports', 5 customs records for 2023, aggregated by HS code; values reported in ZMW only)"
"Iolite Rough---Low grade","71031000","2023","7.16","kg",,"48472.71","1","https://zambiaeiti.org/wp-content/uploads/2025/11/Mineral-Exports-volumes-and-values.xlsx (sheet 'Mineral Exports', 1 customs records for 2023, aggregated by HS code; values reported in ZMW only)"
"Citrine Rough---Low grade","71031000","2023","35.9","kg",,"43904.74","3","https://zambiaeiti.org/wp-content/uploads/2025/11/Mineral-Exports-volumes-and-values.xlsx (sheet 'Mineral Exports', 3 customs records for 2023, aggregated by HS code; values reported in ZMW only)"
"Topaz Rough---Low grade","71031000","2023","43.6","kg",,"42704.22","3","https://zambiaeiti.org/wp-content/uploads/2025/11/Mineral-Exports-volumes-and-values.xlsx (sheet 'Mineral Exports', 3 customs records for 2023, aggregated by HS code; values reported in ZMW only)"
"Morganite Rough---Premium grade","71031000","2023","8.23","kg",,"38421.45","2","https://zambiaeiti.org/wp-content/uploads/2025/11/Mineral-Exports-volumes-and-values.xlsx (sheet 'Mineral Exports', 2 customs records for 2023, aggregated by HS code; values reported in ZMW only)"
"Semi-manufactured silver (incl. silver plated with gold or platinum)","71069200","2023","3.03","kg",,"32551.87","1","https://zambiaeiti.org/wp-content/uploads/2025/11/Mineral-Exports-volumes-and-values.xlsx (sheet 'Mineral Exports', 1 customs records for 2023, aggregated by HS code; values reported in ZMW only)"
"Dolomite not calcined or sintered.","25181000","2023","90000","kg",,"31113.73","3","https://zambiaeiti.org/wp-content/uploads/2025/11/Mineral-Exports-volumes-and-values.xlsx (sheet 'Mineral Exports', 3 customs records for 2023, aggregated by HS code; values reported in ZMW only)"
"Beryl 2, unworked","71031000","2023","5000","kg",,"24218.88","1","https://zambiaeiti.org/wp-content/uploads/2025/11/Mineral-Exports-volumes-and-values.xlsx (sheet 'Mineral Exports', 1 customs records for 2023, aggregated by HS code; values reported in ZMW only)"
"Unroasted iron pyrite concentrate","25020020","2023","800","kg",,"10368.21","1","https://zambiaeiti.org/wp-content/uploads/2025/11/Mineral-Exports-volumes-and-values.xlsx (sheet 'Mineral Exports', 1 customs records for 2023, aggregated by HS code; values reported in ZMW only)"
"Worked emeralds---Medium grade","71039100","2023","0.01","kg",,"9638.92","1","https://zambiaeiti.org/wp-content/uploads/2025/11/Mineral-Exports-volumes-and-values.xlsx (sheet 'Mineral Exports', 1 customs records for 2023, aggregated by HS code; values reported in ZMW only)"
"Citrine Specimen","71031000","2023","11","kg",,"8604.05","1","https://zambiaeiti.org/wp-content/uploads/2025/11/Mineral-Exports-volumes-and-values.xlsx (sheet 'Mineral Exports', 1 customs records for 2023, aggregated by HS code; values reported in ZMW only)"
"Copper ore sulphide","26030011","2023","13.60","kg",,"5608.66","4","https://zambiaeiti.org/wp-content/uploads/2025/11/Mineral-Exports-volumes-and-values.xlsx (sheet 'Mineral Exports', 4 customs records for 2023, aggregated by HS code; values reported in ZMW only)"
"Calcined or sintered dolomite","25182000","2023","30000","kg",,"3450.45","1","https://zambiaeiti.org/wp-content/uploads/2025/11/Mineral-Exports-volumes-and-values.xlsx (sheet 'Mineral Exports', 1 customs records for 2023, aggregated by HS code; values reported in ZMW only)"
"Citrine Rough---Medium Grade","71031000","2023","16.1","kg",,"2824.49","1","https://zambiaeiti.org/wp-content/uploads/2025/11/Mineral-Exports-volumes-and-values.xlsx (sheet 'Mineral Exports', 1 customs records for 2023, aggregated by HS code; values reported in ZMW only)"
"Aquamarine Rough---High grade","71031000","2023","0.53","kg",,"933.31","1","https://zambiaeiti.org/wp-content/uploads/2025/11/Mineral-Exports-volumes-and-values.xlsx (sheet 'Mineral Exports', 1 customs records for 2023, aggregated by HS code; values reported in ZMW only)"
"Natural sands, (excl. metal-bearing sands of chapter 26), nes","25059000","2023","27","kg",,"280.37","1","https://zambiaeiti.org/wp-content/uploads/2025/11/Mineral-Exports-volumes-and-values.xlsx (sheet 'Mineral Exports', 1 customs records for 2023, aggregated by HS code; values reported in ZMW only)"
"Cobalt ore","26050010","2023","11","kg",,"180.28","1","https://zambiaeiti.org/wp-content/uploads/2025/11/Mineral-Exports-volumes-and-values.xlsx (sheet 'Mineral Exports', 1 customs records for 2023, aggregated by HS code; values reported in ZMW only)"
"Crude mica and mica rifted into sheets or splittings","25251000","2023","30","kg",,"157.89","1","https://zambiaeiti.org/wp-content/uploads/2025/11/Mineral-Exports-volumes-and-values.xlsx (sheet 'Mineral Exports', 1 customs records for 2023, aggregated by HS code; values reported in ZMW only)"
"Pumice stone","25131000","2023","91","kg",,"80","1","https://zambiaeiti.org/wp-content/uploads/2025/11/Mineral-Exports-volumes-and-values.xlsx (sheet 'Mineral Exports', 1 customs records for 2023, aggregated by HS code; values reported in ZMW only)"
"Copper anodes for electrolytic refining (primary quality)",,"2024","648800","Dry metric tonnes","24758946231.24",,"55","https://zambiaeiti.org/wp-content/uploads/2025/11/2024-Online-Minerals-Report.xlsx (sheet 'Export Worksheet', aggregated by product description and unit)"
"Copper anodes for electrolytic refining (primary quality)",,"2024","392200","Metric ton (1000 kg)","3911161412.25",,"17","https://zambiaeiti.org/wp-content/uploads/2025/11/2024-Online-Minerals-Report.xlsx (sheet 'Export Worksheet', aggregated by product description and unit)"
"Electro-refined copper cathodes (high purity)",,"2024","146256","Metric ton (1000 kg)","1361957959.74",,"14","https://zambiaeiti.org/wp-content/uploads/2025/11/2024-Online-Minerals-Report.xlsx (sheet 'Export Worksheet', aggregated by product description and unit)"
"Electro-won copper cathodes (high purity)",,"2024","111360","Metric ton (1000 kg)","1036111317.99",,"42","https://zambiaeiti.org/wp-content/uploads/2025/11/2024-Online-Minerals-Report.xlsx (sheet 'Export Worksheet', aggregated by product description and unit)"
"Nickel ores and concentrates",,"2024","176500","Dry metric tonnes","506189760.10",,"9","https://zambiaeiti.org/wp-content/uploads/2025/11/2024-Online-Minerals-Report.xlsx (sheet 'Export Worksheet', aggregated by product description and unit)"
"Electro-won copper cathodes (high purity)",,"2024","49300","Dry metric tonnes","449251700.31",,"53","https://zambiaeiti.org/wp-content/uploads/2025/11/2024-Online-Minerals-Report.xlsx (sheet 'Export Worksheet', aggregated by product description and unit)"
"Electro-refined copper cathodes (high purity)",,"2024","44590","Dry metric tonnes","409336417.26",,"28","https://zambiaeiti.org/wp-content/uploads/2025/11/2024-Online-Minerals-Report.xlsx (sheet 'Export Worksheet', aggregated by product description and unit)"
"Electro-won copper cathodes (low purity)",,"2024","30500","Dry metric tonnes","269389049.33",,"8","https://zambiaeiti.org/wp-content/uploads/2025/11/2024-Online-Minerals-Report.xlsx (sheet 'Export Worksheet', aggregated by product description and unit)"
"Copper-cobalt alloy (other than master alloys of 7405)",,"2024","30500","Metric ton (1000 kg)","231301332.58",,"9","https://zambiaeiti.org/wp-content/uploads/2025/11/2024-Online-Minerals-Report.xlsx (sheet 'Export Worksheet', aggregated by product description and unit)"
"Copper blister (unrefined copper, not anodes for electrolytic refining)",,"2024","17370","Dry metric tonnes","158284342.15",,"25","https://zambiaeiti.org/wp-content/uploads/2025/11/2024-Online-Minerals-Report.xlsx (sheet 'Export Worksheet', aggregated by product description and unit)"
"Bullion; semi-manufactured form of gold",,"2024","1689.110","Kilogram","126378694.97",,"11","https://zambiaeiti.org/wp-content/uploads/2025/11/2024-Online-Minerals-Report.xlsx (sheet 'Export Worksheet', aggregated by product description and unit)"
"Copper concentrate, Mixed sulphide and oxide",,"2024","28160.4","Dry metric tonnes","68326674.81",,"16","https://zambiaeiti.org/wp-content/uploads/2025/11/2024-Online-Minerals-Report.xlsx (sheet 'Export Worksheet', aggregated by product description and unit)"
"Copper concentrate, Sulphide",,"2024","28890","Metric ton (1000 kg)","63226576.61",,"9","https://zambiaeiti.org/wp-content/uploads/2025/11/2024-Online-Minerals-Report.xlsx (sheet 'Export Worksheet', aggregated by product description and unit)"
"other Zinc concentrates",,"2024","62500","Dry metric tonnes","53016845.28",,"22","https://zambiaeiti.org/wp-content/uploads/2025/11/2024-Online-Minerals-Report.xlsx (sheet 'Export Worksheet', aggregated by product description and unit)"
"Electro-refined copper cathodes (low purity)",,"2024","5500","Dry metric tonnes","48619701.9",,"7","https://zambiaeiti.org/wp-content/uploads/2025/11/2024-Online-Minerals-Report.xlsx (sheet 'Export Worksheet', aggregated by product description and unit)"
"Anodic slimes",,"2024","920","Dry metric tonnes","40467968",,"6","https://zambiaeiti.org/wp-content/uploads/2025/11/2024-Online-Minerals-Report.xlsx (sheet 'Export Worksheet', aggregated by product description and unit)"
"Other unrefined copper, off-grade anodes for electrolytic refining (not copper blister )",,"2024","6000","Dry metric tonnes","34478128.6",,"6","https://zambiaeiti.org/wp-content/uploads/2025/11/2024-Online-Minerals-Report.xlsx (sheet 'Export Worksheet', aggregated by product description and unit)"
"Copper concentrate, Oxide",,"2024","21790","Dry metric tonnes","24826547.72",,"13","https://zambiaeiti.org/wp-content/uploads/2025/11/2024-Online-Minerals-Report.xlsx (sheet 'Export Worksheet', aggregated by product description and unit)"
"Zincite, zinc oxide concentrates",,"2024","31500","Dry metric tonnes","23071421.65",,"10","https://zambiaeiti.org/wp-content/uploads/2025/11/2024-Online-Minerals-Report.xlsx (sheet 'Export Worksheet', aggregated by product description and unit)"
"Unwrought lead (excl. refined and containing antimony)",,"2024","13100","Dry metric tonnes","22730693.88",,"27","https://zambiaeiti.org/wp-content/uploads/2025/11/2024-Online-Minerals-Report.xlsx (sheet 'Export Worksheet', aggregated by product description and unit)"
"Copper ore, Oxide",,"2024","58600","Dry metric tonnes","21171757.85",,"29","https://zambiaeiti.org/wp-content/uploads/2025/11/2024-Online-Minerals-Report.xlsx (sheet 'Export Worksheet', aggregated by product description and unit)"
"Zinc dust",,"2024","20008","Metric ton (1000 kg)","20853512.09",,"3","https://zambiaeiti.org/wp-content/uploads/2025/11/2024-Online-Minerals-Report.xlsx (sheet 'Export Worksheet', aggregated by product description and unit)"
"Aluminium alloys, unwrought",,"2024","6463","Dry metric tonnes","14961366.79",,"20","https://zambiaeiti.org/wp-content/uploads/2025/11/2024-Online-Minerals-Report.xlsx (sheet 'Export Worksheet', aggregated by product description and unit)"
"Other zinc ores",,"2024","19790","Dry metric tonnes","13340918.38",,"11","https://zambiaeiti.org/wp-content/uploads/2025/11/2024-Online-Minerals-Report.xlsx (sheet 'Export Worksheet', aggregated by product description and unit)"
"MANGANESE ORES/CONCENTRATES(INC.FERRUGINOUS), WITH MANGANESE CONT.OF=>20%",,"2024","278046.69","Dry metric tonnes","12465510.01",,"67","https://zambiaeiti.org/wp-content/uploads/2025/11/2024-Online-Minerals-Report.xlsx (sheet 'Export Worksheet', aggregated by product description and unit)"
"Zincite, zinc oxide ores",,"2024","21728","Dry metric tonnes","11577342.85",,"12","https://zambiaeiti.org/wp-content/uploads/2025/11/2024-Online-Minerals-Report.xlsx (sheet 'Export Worksheet', aggregated by product description and unit)"
"Aluminium alloys, unwrought",,"2024","4148","Metric ton (1000 kg)","10294577.96",,"7","https://zambiaeiti.org/wp-content/uploads/2025/11/2024-Online-Minerals-Report.xlsx (sheet 'Export Worksheet', aggregated by product description and unit)"
"Copper blister (unrefined copper, not anodes for electrolytic refining)",,"2024","1170","Metric ton (1000 kg)","10023810.28",,"4","https://zambiaeiti.org/wp-content/uploads/2025/11/2024-Online-Minerals-Report.xlsx (sheet 'Export Worksheet', aggregated by product description and unit)"
"Unroasted iron pyrite ore",,"2024","23000","Dry metric tonnes","9587398.2",,"3","https://zambiaeiti.org/wp-content/uploads/2025/11/2024-Online-Minerals-Report.xlsx (sheet 'Export Worksheet', aggregated by product description and unit)"
"Zincite, zinc oxide concentrates",,"2024","8500","Metric ton (1000 kg)","9253130.05",,"4","https://zambiaeiti.org/wp-content/uploads/2025/11/2024-Online-Minerals-Report.xlsx (sheet 'Export Worksheet', aggregated by product description and unit)"
"Niobium, tantalum and vanadium ores and concentrates",,"2024","235","Dry metric tonnes","8522439.56",,"4","https://zambiaeiti.org/wp-content/uploads/2025/11/2024-Online-Minerals-Report.xlsx (sheet 'Export Worksheet', aggregated by product description and unit)"
"Copper ore, Oxide",,"2024","20113.4","Metric ton (1000 kg)","8274159.66",,"14","https://zambiaeiti.org/wp-content/uploads/2025/11/2024-Online-Minerals-Report.xlsx (sheet 'Export Worksheet', aggregated by product description and unit)"
"Copper concentrate, Mixed sulphide and oxide",,"2024","3900","Metric ton (1000 kg)","8256388.29",,"3","https://zambiaeiti.org/wp-content/uploads/2025/11/2024-Online-Minerals-Report.xlsx (sheet 'Export Worksheet', aggregated by product description and unit)"
"Unroasted iron pyrite concentrate",,"2024","38000","Metric ton (1000 kg)","8156881.3",,"3","https://zambiaeiti.org/wp-content/uploads/2025/11/2024-Online-Minerals-Report.xlsx (sheet 'Export Worksheet', aggregated by product description and unit)"
"Other copper alloys (other than master alloys of 7405)",,"2024","800","Metric ton (1000 kg)","6846461.52",,"2","https://zambiaeiti.org/wp-content/uploads/2025/11/2024-Online-Minerals-Report.xlsx (sheet 'Export Worksheet', aggregated by product description and unit)"
"Unwrought aluminium, not alloyed",,"2024","2658","Dry metric tonnes","6195237.67",,"13","https://zambiaeiti.org/wp-content/uploads/2025/11/2024-Online-Minerals-Report.xlsx (sheet 'Export Worksheet', aggregated by product description and unit)"
"MANGANESE ORES/CONCENTRATES(INC.FERRUGINOUS), WITH MANGANESE CONT.OF=>20%",,"2024","131483","Metric ton (1000 kg)","6090538.18",,"35","https://zambiaeiti.org/wp-content/uploads/2025/11/2024-Online-Minerals-Report.xlsx (sheet 'Export Worksheet', aggregated by product description and unit)"
"Unroasted iron pyrite ore",,"2024","22000","Metric ton (1000 kg)","5813335",,"1","https://zambiaeiti.org/wp-content/uploads/2025/11/2024-Online-Minerals-Report.xlsx (sheet 'Export Worksheet', aggregated by product description and unit)"
"Unroasted iron pyrite concentrate",,"2024","21000","Dry metric tonnes","5549092.5",,"1","https://zambiaeiti.org/wp-content/uploads/2025/11/2024-Online-Minerals-Report.xlsx (sheet 'Export Worksheet', aggregated by product description and unit)"
"Lead ores and concentrates",,"2024","5024","Dry metric tonnes","4940578.83",,"2","https://zambiaeiti.org/wp-content/uploads/2025/11/2024-Online-Minerals-Report.xlsx (sheet 'Export Worksheet', aggregated by product description and unit)"
"Copper concentrate, Oxide",,"2024","2501","Metric ton (1000 kg)","4497515.91",,"3","https://zambiaeiti.org/wp-content/uploads/2025/11/2024-Online-Minerals-Report.xlsx (sheet 'Export Worksheet', aggregated by product description and unit)"
"Copper ore, Sulphide",,"2024","15000","Dry metric tonnes","3974923.5",,"1","https://zambiaeiti.org/wp-content/uploads/2025/11/2024-Online-Minerals-Report.xlsx (sheet 'Export Worksheet', aggregated by product description and unit)"
"other Zinc concentrates",,"2024","4900","Metric ton (1000 kg)","3864942.64",,"5","https://zambiaeiti.org/wp-content/uploads/2025/11/2024-Online-Minerals-Report.xlsx (sheet 'Export Worksheet', aggregated by product description and unit)"
"Unwrought lead (excl. refined and containing antimony)",,"2024","1300","Metric ton (1000 kg)","3828670.95",,"3","https://zambiaeiti.org/wp-content/uploads/2025/11/2024-Online-Minerals-Report.xlsx (sheet 'Export Worksheet', aggregated by product description and unit)"
"Zincite, zinc oxide ores",,"2024","6000","Metric ton (1000 kg)","3756596.5",,"2","https://zambiaeiti.org/wp-content/uploads/2025/11/2024-Online-Minerals-Report.xlsx (sheet 'Export Worksheet', aggregated by product description and unit)"
"Copper concentrate, Sulphide",,"2024","1900","Dry metric tonnes","3506208.54",,"5","https://zambiaeiti.org/wp-content/uploads/2025/11/2024-Online-Minerals-Report.xlsx (sheet 'Export Worksheet', aggregated by product description and unit)"
"Unwrought gold (incl. gold plated with platinum), non-monetary",,"2024","41.86","Kilogram","3295907.59",,"10","https://zambiaeiti.org/wp-content/uploads/2025/11/2024-Online-Minerals-Report.xlsx (sheet 'Export Worksheet', aggregated by product description and unit)"
"Copper ore, Mixed sulphide and oxide",,"2024","11000","Dry metric tonnes","3243233.26",,"3","https://zambiaeiti.org/wp-content/uploads/2025/11/2024-Online-Minerals-Report.xlsx (sheet 'Export Worksheet', aggregated by product description and unit)"
"Agglomerated iron ores and concentrates",,"2024","5000","Dry metric tonnes","2740677.5",,"1","https://zambiaeiti.org/wp-content/uploads/2025/11/2024-Online-Minerals-Report.xlsx (sheet 'Export Worksheet', aggregated by product description and unit)"
"other Zinc concentrates",,"2024","3500004","Kilogram","2654498.37",,"3","https://zambiaeiti.org/wp-content/uploads/2025/11/2024-Online-Minerals-Report.xlsx (sheet 'Export Worksheet', aggregated by product description and unit)"
"Cobalt concentrate",,"2024","800","Dry metric tonnes","2274589.14",,"4","https://zambiaeiti.org/wp-content/uploads/2025/11/2024-Online-Minerals-Report.xlsx (sheet 'Export Worksheet', aggregated by product description and unit)"
"Copper ore, Sulphide",,"2024","4766.09","Metric ton (1000 kg)","1828749.2",,"8","https://zambiaeiti.org/wp-content/uploads/2025/11/2024-Online-Minerals-Report.xlsx (sheet 'Export Worksheet', aggregated by product description and unit)"
"Silver ores and concentrates",,"2024","500","Metric ton (1000 kg)","1342042.23",,"1","https://zambiaeiti.org/wp-content/uploads/2025/11/2024-Online-Minerals-Report.xlsx (sheet 'Export Worksheet', aggregated by product description and unit)"
"Aluminium alloys, unwrought",,"2024","501000","Kilogram","1293522.23",,"3","https://zambiaeiti.org/wp-content/uploads/2025/11/2024-Online-Minerals-Report.xlsx (sheet 'Export Worksheet', aggregated by product description and unit)"
"Copper, refined, unwrought, excl. copper in the form of billets, wire-bars, cathodes",,"2024","272000","Kilogram","1230666.49",,"3","https://zambiaeiti.org/wp-content/uploads/2025/11/2024-Online-Minerals-Report.xlsx (sheet 'Export Worksheet', aggregated by product description and unit)"
"Cobalt ore",,"2024","2100","Dry metric tonnes","989636.66",,"3","https://zambiaeiti.org/wp-content/uploads/2025/11/2024-Online-Minerals-Report.xlsx (sheet 'Export Worksheet', aggregated by product description and unit)"
"Niobium, tantalum and vanadium ores and concentrates",,"2024","55","Metric ton (1000 kg)","908378.63",,"2","https://zambiaeiti.org/wp-content/uploads/2025/11/2024-Online-Minerals-Report.xlsx (sheet 'Export Worksheet', aggregated by product description and unit)"
"Tungsten ores and concentrates",,"2024","120","Metric ton (1000 kg)","879240.18",,"2","https://zambiaeiti.org/wp-content/uploads/2025/11/2024-Online-Minerals-Report.xlsx (sheet 'Export Worksheet', aggregated by product description and unit)"
"Tin ores and concentrates",,"2024","79","Dry metric tonnes","723711.56",,"4","https://zambiaeiti.org/wp-content/uploads/2025/11/2024-Online-Minerals-Report.xlsx (sheet 'Export Worksheet', aggregated by product description and unit)"
"Waste and scrap",,"2024","350","Dry metric tonnes","720304.79",,"1","https://zambiaeiti.org/wp-content/uploads/2025/11/2024-Online-Minerals-Report.xlsx (sheet 'Export Worksheet', aggregated by product description and unit)"
"Tin ores and concentrates",,"2024","57031","Kilogram","626829.33",,"8","https://zambiaeiti.org/wp-content/uploads/2025/11/2024-Online-Minerals-Report.xlsx (sheet 'Export Worksheet', aggregated by product description and unit)"
"Tin ores and concentrates",,"2024","120","Metric ton (1000 kg)","530740.13",,"2","https://zambiaeiti.org/wp-content/uploads/2025/11/2024-Online-Minerals-Report.xlsx (sheet 'Export Worksheet', aggregated by product description and unit)"
"Refined lead, unwrought",,"2024","227","Metric ton (1000 kg)","502367.23",,"2","https://zambiaeiti.org/wp-content/uploads/2025/11/2024-Online-Minerals-Report.xlsx (sheet 'Export Worksheet', aggregated by product description and unit)"
"Brass, unwrought",,"2024","64.4","Dry metric tonnes","448049.80",,"5","https://zambiaeiti.org/wp-content/uploads/2025/11/2024-Online-Minerals-Report.xlsx (sheet 'Export Worksheet', aggregated by product description and unit)"
"Copper, refined, unwrought, excl. copper in the form of billets, wire-bars, cathodes",,"2024","50","Dry metric tonnes","446461.27",,"1","https://zambiaeiti.org/wp-content/uploads/2025/11/2024-Online-Minerals-Report.xlsx (sheet 'Export Worksheet', aggregated by product description and unit)"
"Copper, refined, unwrought, excl. copper in the form of billets, wire-bars, cathodes",,"2024","50","Metric ton (1000 kg)","426054.94",,"1","https://zambiaeiti.org/wp-content/uploads/2025/11/2024-Online-Minerals-Report.xlsx (sheet 'Export Worksheet', aggregated by product description and unit)"
"Copper ore, Mixed sulphide and oxide",,"2024","1001","Metric ton (1000 kg)","420506.54",,"4","https://zambiaeiti.org/wp-content/uploads/2025/11/2024-Online-Minerals-Report.xlsx (sheet 'Export Worksheet', aggregated by product description and unit)"
"Other zinc ores",,"2024","500","Metric ton (1000 kg)","416541.15",,"1","https://zambiaeiti.org/wp-content/uploads/2025/11/2024-Online-Minerals-Report.xlsx (sheet 'Export Worksheet', aggregated by product description and unit)"
"Refined lead, unwrought",,"2024","150149.99","Kilogram","355782.41",,"5","https://zambiaeiti.org/wp-content/uploads/2025/11/2024-Online-Minerals-Report.xlsx (sheet 'Export Worksheet', aggregated by product description and unit)"
"Other semi-manufactured forms of gold",,"2024","4","Kilogram","281430.40",,"4","https://zambiaeiti.org/wp-content/uploads/2025/11/2024-Online-Minerals-Report.xlsx (sheet 'Export Worksheet', aggregated by product description and unit)"
"Titanium ores and concentrates",,"2024","226","Dry metric tonnes","183678.34",,"2","https://zambiaeiti.org/wp-content/uploads/2025/11/2024-Online-Minerals-Report.xlsx (sheet 'Export Worksheet', aggregated by product description and unit)"
"Unwrought gold (incl. gold plated with platinum), non-monetary",,"2024","2349.82","Gram","182008.88",,"6","https://zambiaeiti.org/wp-content/uploads/2025/11/2024-Online-Minerals-Report.xlsx (sheet 'Export Worksheet', aggregated by product description and unit)"
"Other semi-manufactured forms of gold",,"2024","1443","Gram","116305.26",,"2","https://zambiaeiti.org/wp-content/uploads/2025/11/2024-Online-Minerals-Report.xlsx (sheet 'Export Worksheet', aggregated by product description and unit)"
"Copper matte",,"2024","150","Metric ton (1000 kg)","107122.85",,"1","https://zambiaeiti.org/wp-content/uploads/2025/11/2024-Online-Minerals-Report.xlsx (sheet 'Export Worksheet', aggregated by product description and unit)"
"Tungsten ores and concentrates",,"2024","30","Dry metric tonnes","89224.2",,"1","https://zambiaeiti.org/wp-content/uploads/2025/11/2024-Online-Minerals-Report.xlsx (sheet 'Export Worksheet', aggregated by product description and unit)"
"MANGANESE ORES/CONCENTRATES(INC.FERRUGINOUS), WITH MANGANESE CONT.OF=>20%",,"2024","1003268","Kilogram","53040.76",,"15","https://zambiaeiti.org/wp-content/uploads/2025/11/2024-Online-Minerals-Report.xlsx (sheet 'Export Worksheet', aggregated by product description and unit)"
"Titanium ores and concentrates",,"2024","26","Metric ton (1000 kg)","19632.46",,"1","https://zambiaeiti.org/wp-content/uploads/2025/11/2024-Online-Minerals-Report.xlsx (sheet 'Export Worksheet', aggregated by product description and unit)"
"Bullion; semi-manufactured form of gold",,"2024","141","Gram","11234.49",,"1","https://zambiaeiti.org/wp-content/uploads/2025/11/2024-Online-Minerals-Report.xlsx (sheet 'Export Worksheet', aggregated by product description and unit)"
"Nickel ores and concentrates",,"2024","5405","Kilogram","10450.75",,"9","https://zambiaeiti.org/wp-content/uploads/2025/11/2024-Online-Minerals-Report.xlsx (sheet 'Export Worksheet', aggregated by product description and unit)"
"Other waste and scrap of precious metals",,"2024","1.5","Metric ton (1000 kg)","9486.48",,"1","https://zambiaeiti.org/wp-content/uploads/2025/11/2024-Online-Minerals-Report.xlsx (sheet 'Export Worksheet', aggregated by product description and unit)"
"Copper ore, Oxide",,"2024","10635.5","Kilogram","8415.73",,"33","https://zambiaeiti.org/wp-content/uploads/2025/11/2024-Online-Minerals-Report.xlsx (sheet 'Export Worksheet', aggregated by product description and unit)"
"Slag containing copper",,"2024","20","Metric ton (1000 kg)","7479.94",,"1","https://zambiaeiti.org/wp-content/uploads/2025/11/2024-Online-Minerals-Report.xlsx (sheet 'Export Worksheet', aggregated by product description and unit)"
"Precious metal ores and concentrates (excl. silver)",,"2024","5.2","Kilogram","6332.34",,"1","https://zambiaeiti.org/wp-content/uploads/2025/11/2024-Online-Minerals-Report.xlsx (sheet 'Export Worksheet', aggregated by product description and unit)"
"Copper concentrate, Sulphide",,"2024","2170","Kilogram","4428.2",,"21","https://zambiaeiti.org/wp-content/uploads/2025/11/2024-Online-Minerals-Report.xlsx (sheet 'Export Worksheet', aggregated by product description and unit)"
"Unroasted iron pyrite ore",,"2024","7746.31","Kilogram","4053.73",,"8","https://zambiaeiti.org/wp-content/uploads/2025/11/2024-Online-Minerals-Report.xlsx (sheet 'Export Worksheet', aggregated by product description and unit)"
"Niobium, tantalum and vanadium ores and concentrates",,"2024","146","Kilogram","3183.55",,"3","https://zambiaeiti.org/wp-content/uploads/2025/11/2024-Online-Minerals-Report.xlsx (sheet 'Export Worksheet', aggregated by product description and unit)"
"Unroasted iron pyrite concentrate",,"2024","6600","Kilogram","3029.84",,"2","https://zambiaeiti.org/wp-content/uploads/2025/11/2024-Online-Minerals-Report.xlsx (sheet 'Export Worksheet', aggregated by product description and unit)"
"WASTE material (Broken / crushed rock/stone from mining activity)",,"2024","18390.6","Kilogram","2441.11",,"27","https://zambiaeiti.org/wp-content/uploads/2025/11/2024-Online-Minerals-Report.xlsx (sheet 'Export Worksheet', aggregated by product description and unit)"
"Other waste and scrap of precious metals",,"2024","500","Kilogram","2364.58",,"1","https://zambiaeiti.org/wp-content/uploads/2025/11/2024-Online-Minerals-Report.xlsx (sheet 'Export Worksheet', aggregated by product description and unit)"
"Copper ore, Sulphide",,"2024","9322.190","Kilogram","2039.77",,"33","https://zambiaeiti.org/wp-content/uploads/2025/11/2024-Online-Minerals-Report.xlsx (sheet 'Export Worksheet', aggregated by product description and unit)"
"Cobalt concentrate",,"2024","237","Kilogram","1952.41",,"9","https://zambiaeiti.org/wp-content/uploads/2025/11/2024-Online-Minerals-Report.xlsx (sheet 'Export Worksheet', aggregated by product description and unit)"
"Electro-won copper cathodes (high purity)",,"2024","209","Kilogram","1897.28",,"3","https://zambiaeiti.org/wp-content/uploads/2025/11/2024-Online-Minerals-Report.xlsx (sheet 'Export Worksheet', aggregated by product description and unit)"
"Non-agglomerated iron ores and concentrates",,"2024","5","Metric ton (1000 kg)","1475.87",,"3","https://zambiaeiti.org/wp-content/uploads/2025/11/2024-Online-Minerals-Report.xlsx (sheet 'Export Worksheet', aggregated by product description and unit)"
"Copper concentrate, Oxide",,"2024","512","Kilogram","1294.18",,"10","https://zambiaeiti.org/wp-content/uploads/2025/11/2024-Online-Minerals-Report.xlsx (sheet 'Export Worksheet', aggregated by product description and unit)"
"Copper ore, Mixed sulphide and oxide",,"2024","3939.5","Kilogram","1225.52",,"12","https://zambiaeiti.org/wp-content/uploads/2025/11/2024-Online-Minerals-Report.xlsx (sheet 'Export Worksheet', aggregated by product description and unit)"
"Copper blister (unrefined copper, not anodes for electrolytic refining)",,"2024","150.6","Kilogram","1170.08",,"2","https://zambiaeiti.org/wp-content/uploads/2025/11/2024-Online-Minerals-Report.xlsx (sheet 'Export Worksheet', aggregated by product description and unit)"
"Other zinc ores",,"2024","1702","Kilogram","1114.69",,"5","https://zambiaeiti.org/wp-content/uploads/2025/11/2024-Online-Minerals-Report.xlsx (sheet 'Export Worksheet', aggregated by product description and unit)"
"WASTE material (Broken / crushed rock/stone from mining activity)",,"2024","4.8","Metric ton (1000 kg)","685.29",,"1","https://zambiaeiti.org/wp-content/uploads/2025/11/2024-Online-Minerals-Report.xlsx (sheet 'Export Worksheet', aggregated by product description and unit)"
"Copper anodes for electrolytic refining (primary quality)",,"2024","45","Kilogram","424.28",,"1","https://zambiaeiti.org/wp-content/uploads/2025/11/2024-Online-Minerals-Report.xlsx (sheet 'Export Worksheet', aggregated by product description and unit)"
"Copper concentrate, Mixed sulphide and oxide",,"2024","120.540","Kilogram","380.57",,"14","https://zambiaeiti.org/wp-content/uploads/2025/11/2024-Online-Minerals-Report.xlsx (sheet 'Export Worksheet', aggregated by product description and unit)"
"Slag containing copper",,"2024","200","Kilogram","244.66",,"2","https://zambiaeiti.org/wp-content/uploads/2025/11/2024-Online-Minerals-Report.xlsx (sheet 'Export Worksheet', aggregated by product description and unit)"
"Copper-cobalt alloy (other than master alloys of 7405)",,"2024","24","Kilogram","157.22",,"2","https://zambiaeiti.org/wp-content/uploads/2025/11/2024-Online-Minerals-Report.xlsx (sheet 'Export Worksheet', aggregated by product description and unit)"
"Cobalt ore",,"2024","50","Kilogram","146.5",,"1","https://zambiaeiti.org/wp-content/uploads/2025/11/2024-Online-Minerals-Report.xlsx (sheet 'Export Worksheet', aggregated by product description and unit)"
"Roasted iron pyrites",,"2024","100","Kilogram","135.73",,"1","https://zambiaeiti.org/wp-content/uploads/2025/11/2024-Online-Minerals-Report.xlsx (sheet 'Export Worksheet', aggregated by product description and unit)"
"Base metals or silver, clad with gold, up to semi-manufactured - Sheets, plates & strips",,"2024","2","Gram","107.03",,"1","https://zambiaeiti.org/wp-content/uploads/2025/11/2024-Online-Minerals-Report.xlsx (sheet 'Export Worksheet', aggregated by product description and unit)"
"Unwrought lead (excl. refined and containing antimony)",,"2024","50","Kilogram","101.56",,"1","https://zambiaeiti.org/wp-content/uploads/2025/11/2024-Online-Minerals-Report.xlsx (sheet 'Export Worksheet', aggregated by product description and unit)"
"Silver ores and concentrates",,"2024","2","Kilogram","99.47",,"1","https://zambiaeiti.org/wp-content/uploads/2025/11/2024-Online-Minerals-Report.xlsx (sheet 'Export Worksheet', aggregated by product description and unit)"
"Zincite, zinc oxide ores",,"2024","102","Kilogram","87.92",,"5","https://zambiaeiti.org/wp-content/uploads/2025/11/2024-Online-Minerals-Report.xlsx (sheet 'Export Worksheet', aggregated by product description and unit)"
"Non-agglomerated iron ores and concentrates",,"2024","221","Kilogram","81.64",,"6","https://zambiaeiti.org/wp-content/uploads/2025/11/2024-Online-Minerals-Report.xlsx (sheet 'Export Worksheet', aggregated by product description and unit)"
"Tailings containing copper",,"2024","1405","Kilogram","60.21",,"4","https://zambiaeiti.org/wp-content/uploads/2025/11/2024-Online-Minerals-Report.xlsx (sheet 'Export Worksheet', aggregated by product description and unit)"
"Electro-refined copper cathodes (high purity)",,"2024","3100","Gram","27.94",,"1","https://zambiaeiti.org/wp-content/uploads/2025/11/2024-Online-Minerals-Report.xlsx (sheet 'Export Worksheet', aggregated by product description and unit)"
"Copper mattes; cement copper (precipitated copper) to be accessible immediately",,"2024","3","Kilogram","18.54",,"1","https://zambiaeiti.org/wp-content/uploads/2025/11/2024-Online-Minerals-Report.xlsx (sheet 'Export Worksheet', aggregated by product description and unit)"
"Niobium, tantalum and vanadium ores and concentrates",,"2024","765","Gram","13.8",,"2","https://zambiaeiti.org/wp-content/uploads/2025/11/2024-Online-Minerals-Report.xlsx (sheet 'Export Worksheet', aggregated by product description and unit)"
"Other copper products from electro-winning process",,"2024","12558","Gram","12.92",,"2","https://zambiaeiti.org/wp-content/uploads/2025/11/2024-Online-Minerals-Report.xlsx (sheet 'Export Worksheet', aggregated by product description and unit)"
"Tin ores and concentrates",,"2024","607","Gram","9.86",,"1","https://zambiaeiti.org/wp-content/uploads/2025/11/2024-Online-Minerals-Report.xlsx (sheet 'Export Worksheet', aggregated by product description and unit)"
"Aluminium ores and concentrates",,"2024","120","Kilogram","9.25",,"1","https://zambiaeiti.org/wp-content/uploads/2025/11/2024-Online-Minerals-Report.xlsx (sheet 'Export Worksheet', aggregated by product description and unit)"
"Copper matte",,"2024","1.5","Kilogram","8.89",,"1","https://zambiaeiti.org/wp-content/uploads/2025/11/2024-Online-Minerals-Report.xlsx (sheet 'Export Worksheet', aggregated by product description and unit)"
"Copper ore, Oxide",,"2024","7437","Gram","8.02",,"1","https://zambiaeiti.org/wp-content/uploads/2025/11/2024-Online-Minerals-Report.xlsx (sheet 'Export Worksheet', aggregated by product description and unit)"
"Titanium ores and concentrates",,"2024","4","Kilogram","2.4",,"1","https://zambiaeiti.org/wp-content/uploads/2025/11/2024-Online-Minerals-Report.xlsx (sheet 'Export Worksheet', aggregated by product description and unit)"
"Copper concentrate, Oxide",,"2024","650","Gram","1.81",,"2","https://zambiaeiti.org/wp-content/uploads/2025/11/2024-Online-Minerals-Report.xlsx (sheet 'Export Worksheet', aggregated by product description and unit)"
"Copper concentrate, Mixed sulphide and oxide",,"2024","500","Gram","1.6",,"1","https://zambiaeiti.org/wp-content/uploads/2025/11/2024-Online-Minerals-Report.xlsx (sheet 'Export Worksheet', aggregated by product description and unit)"
"Copper concentrate, Sulphide",,"2024","760","Gram","1.44",,"2","https://zambiaeiti.org/wp-content/uploads/2025/11/2024-Online-Minerals-Report.xlsx (sheet 'Export Worksheet', aggregated by product description and unit)"
"Bronze, unwrought",,"2024","150","Gram","1.18",,"1","https://zambiaeiti.org/wp-content/uploads/2025/11/2024-Online-Minerals-Report.xlsx (sheet 'Export Worksheet', aggregated by product description and unit)"
"Electro-won copper cathodes (high purity)",,"2024","120","Gram","1.15",,"2","https://zambiaeiti.org/wp-content/uploads/2025/11/2024-Online-Minerals-Report.xlsx (sheet 'Export Worksheet', aggregated by product description and unit)"
"Copper ore, Sulphide",,"2024","6400","Gram","1.14",,"2","https://zambiaeiti.org/wp-content/uploads/2025/11/2024-Online-Minerals-Report.xlsx (sheet 'Export Worksheet', aggregated by product description and unit)"
"Lead ores and concentrates",,"2024","600","Gram","0.18",,"1","https://zambiaeiti.org/wp-content/uploads/2025/11/2024-Online-Minerals-Report.xlsx (sheet 'Export Worksheet', aggregated by product description and unit)"
"WASTE material (Broken / crushed rock/stone from mining activity)",,"2024","500","Gram","0.06",,"1","https://zambiaeiti.org/wp-content/uploads/2025/11/2024-Online-Minerals-Report.xlsx (sheet 'Export Worksheet', aggregated by product description and unit)"
"Iron and non-alloy steel, in primary forms (excl. ingots), nes",,"2024","0.6","Gram","0",,"1","https://zambiaeiti.org/wp-content/uploads/2025/11/2024-Online-Minerals-Report.xlsx (sheet 'Export Worksheet', aggregated by product description and unit)"
