"commodity","year","production_tonnes","unit","source_name","source_url"
"cobalt","1970","2052","tonnes (metal content), mine production","British Geological Survey, World Mineral Statistics (OGC API, world-mineral-statistics collection)","https://ogcapi.bgs.ac.uk/collections/world-mineral-statistics/items?country_iso3_code=ZMB&bgs_commodity_trans=cobalt%2C%20mine"
"cobalt","1971","2079","tonnes (metal content), mine production","British Geological Survey, World Mineral Statistics (OGC API, world-mineral-statistics collection)","https://ogcapi.bgs.ac.uk/collections/world-mineral-statistics/items?country_iso3_code=ZMB&bgs_commodity_trans=cobalt%2C%20mine"
"cobalt","1972","5200","tonnes (metal content), mine production","British Geological Survey, World Mineral Statistics (OGC API, world-mineral-statistics collection)","https://ogcapi.bgs.ac.uk/collections/world-mineral-statistics/items?country_iso3_code=ZMB&bgs_commodity_trans=cobalt%2C%20mine"
"cobalt","1973","4900","tonnes (metal content), mine production","British Geological Survey, World Mineral Statistics (OGC API, world-mineral-statistics collection)","https://ogcapi.bgs.ac.uk/collections/world-mineral-statistics/items?country_iso3_code=ZMB&bgs_commodity_trans=cobalt%2C%20mine"
"cobalt","1974","3000","tonnes (metal content), mine production","British Geological Survey, World Mineral Statistics (OGC API, world-mineral-statistics collection)","https://ogcapi.bgs.ac.uk/collections/world-mineral-statistics/items?country_iso3_code=ZMB&bgs_commodity_trans=cobalt%2C%20mine"
"cobalt","1975","4900","tonnes (metal content), mine production","British Geological Survey, World Mineral Statistics (OGC API, world-mineral-statistics collection)","https://ogcapi.bgs.ac.uk/collections/world-mineral-statistics/items?country_iso3_code=ZMB&bgs_commodity_trans=cobalt%2C%20mine"
"cobalt","1976","2175","tonnes (metal content), mine production","British Geological Survey, World Mineral Statistics (OGC API, world-mineral-statistics collection)","https://ogcapi.bgs.ac.uk/collections/world-mineral-statistics/items?country_iso3_code=ZMB&bgs_commodity_trans=cobalt%2C%20mine"
"cobalt","1977","1704","tonnes (metal content), mine production","British Geological Survey, World Mineral Statistics (OGC API, world-mineral-statistics collection)","https://ogcapi.bgs.ac.uk/collections/world-mineral-statistics/items?country_iso3_code=ZMB&bgs_commodity_trans=cobalt%2C%20mine"
"cobalt","1978","2063","tonnes (metal content), mine production","British Geological Survey, World Mineral Statistics (OGC API, world-mineral-statistics collection)","https://ogcapi.bgs.ac.uk/collections/world-mineral-statistics/items?country_iso3_code=ZMB&bgs_commodity_trans=cobalt%2C%20mine"
"cobalt","1979","3176","tonnes (metal content), mine production","British Geological Survey, World Mineral Statistics (OGC API, world-mineral-statistics collection)","https://ogcapi.bgs.ac.uk/collections/world-mineral-statistics/items?country_iso3_code=ZMB&bgs_commodity_trans=cobalt%2C%20mine"
"cobalt","1980","3310","tonnes (metal content), mine production","British Geological Survey, World Mineral Statistics (OGC API, world-mineral-statistics collection)","https://ogcapi.bgs.ac.uk/collections/world-mineral-statistics/items?country_iso3_code=ZMB&bgs_commodity_trans=cobalt%2C%20mine"
"cobalt","1981","2570","tonnes (metal content), mine production","British Geological Survey, World Mineral Statistics (OGC API, world-mineral-statistics collection)","https://ogcapi.bgs.ac.uk/collections/world-mineral-statistics/items?country_iso3_code=ZMB&bgs_commodity_trans=cobalt%2C%20mine"
"cobalt","1982","2446","tonnes (metal content), mine production","British Geological Survey, World Mineral Statistics (OGC API, world-mineral-statistics collection)","https://ogcapi.bgs.ac.uk/collections/world-mineral-statistics/items?country_iso3_code=ZMB&bgs_commodity_trans=cobalt%2C%20mine"
"cobalt","1983","2407","tonnes (metal content), mine production","British Geological Survey, World Mineral Statistics (OGC API, world-mineral-statistics collection)","https://ogcapi.bgs.ac.uk/collections/world-mineral-statistics/items?country_iso3_code=ZMB&bgs_commodity_trans=cobalt%2C%20mine"
"cobalt","1984","3472","tonnes (metal content), mine production","British Geological Survey, World Mineral Statistics (OGC API, world-mineral-statistics collection)","https://ogcapi.bgs.ac.uk/collections/world-mineral-statistics/items?country_iso3_code=ZMB&bgs_commodity_trans=cobalt%2C%20mine"
"cobalt","1985","4415","tonnes (metal content), mine production","British Geological Survey, World Mineral Statistics (OGC API, world-mineral-statistics collection)","https://ogcapi.bgs.ac.uk/collections/world-mineral-statistics/items?country_iso3_code=ZMB&bgs_commodity_trans=cobalt%2C%20mine"
"cobalt","1986","4344","tonnes (metal content), mine production","British Geological Survey, World Mineral Statistics (OGC API, world-mineral-statistics collection)","https://ogcapi.bgs.ac.uk/collections/world-mineral-statistics/items?country_iso3_code=ZMB&bgs_commodity_trans=cobalt%2C%20mine"
"cobalt","1987","4479","tonnes (metal content), mine production","British Geological Survey, World Mineral Statistics (OGC API, world-mineral-statistics collection)","https://ogcapi.bgs.ac.uk/collections/world-mineral-statistics/items?country_iso3_code=ZMB&bgs_commodity_trans=cobalt%2C%20mine"
"cobalt","1988","5025","tonnes (metal content), mine production","British Geological Survey, World Mineral Statistics (OGC API, world-mineral-statistics collection)","https://ogcapi.bgs.ac.uk/collections/world-mineral-statistics/items?country_iso3_code=ZMB&bgs_commodity_trans=cobalt%2C%20mine"
"cobalt","1989","4488","tonnes (metal content), mine production","British Geological Survey, World Mineral Statistics (OGC API, world-mineral-statistics collection)","https://ogcapi.bgs.ac.uk/collections/world-mineral-statistics/items?country_iso3_code=ZMB&bgs_commodity_trans=cobalt%2C%20mine"
"cobalt","1990","4614","tonnes (metal content), mine production","British Geological Survey, World Mineral Statistics (OGC API, world-mineral-statistics collection)","https://ogcapi.bgs.ac.uk/collections/world-mineral-statistics/items?country_iso3_code=ZMB&bgs_commodity_trans=cobalt%2C%20mine"
"cobalt","1991","4817","tonnes (metal content), mine production","British Geological Survey, World Mineral Statistics (OGC API, world-mineral-statistics collection)","https://ogcapi.bgs.ac.uk/collections/world-mineral-statistics/items?country_iso3_code=ZMB&bgs_commodity_trans=cobalt%2C%20mine"
"cobalt","1992","4610","tonnes (metal content), mine production","British Geological Survey, World Mineral Statistics (OGC API, world-mineral-statistics collection)","https://ogcapi.bgs.ac.uk/collections/world-mineral-statistics/items?country_iso3_code=ZMB&bgs_commodity_trans=cobalt%2C%20mine"
"cobalt","1993","4211","tonnes (metal content), mine production","British Geological Survey, World Mineral Statistics (OGC API, world-mineral-statistics collection)","https://ogcapi.bgs.ac.uk/collections/world-mineral-statistics/items?country_iso3_code=ZMB&bgs_commodity_trans=cobalt%2C%20mine"
"cobalt","1994","2480","tonnes (metal content), mine production","British Geological Survey, World Mineral Statistics (OGC API, world-mineral-statistics collection)","https://ogcapi.bgs.ac.uk/collections/world-mineral-statistics/items?country_iso3_code=ZMB&bgs_commodity_trans=cobalt%2C%20mine"
"cobalt","1995","2934","tonnes (metal content), mine production","British Geological Survey, World Mineral Statistics (OGC API, world-mineral-statistics collection)","https://ogcapi.bgs.ac.uk/collections/world-mineral-statistics/items?country_iso3_code=ZMB&bgs_commodity_trans=cobalt%2C%20mine"
"cobalt","1996","4799","tonnes (metal content), mine production","British Geological Survey, World Mineral Statistics (OGC API, world-mineral-statistics collection)","https://ogcapi.bgs.ac.uk/collections/world-mineral-statistics/items?country_iso3_code=ZMB&bgs_commodity_trans=cobalt%2C%20mine"
"cobalt","1997","3949","tonnes (metal content), mine production","British Geological Survey, World Mineral Statistics (OGC API, world-mineral-statistics collection)","https://ogcapi.bgs.ac.uk/collections/world-mineral-statistics/items?country_iso3_code=ZMB&bgs_commodity_trans=cobalt%2C%20mine"
"cobalt","1998","5011","tonnes (metal content), mine production","British Geological Survey, World Mineral Statistics (OGC API, world-mineral-statistics collection)","https://ogcapi.bgs.ac.uk/collections/world-mineral-statistics/items?country_iso3_code=ZMB&bgs_commodity_trans=cobalt%2C%20mine"
"cobalt","1999","3946","tonnes (metal content), mine production","British Geological Survey, World Mineral Statistics (OGC API, world-mineral-statistics collection)","https://ogcapi.bgs.ac.uk/collections/world-mineral-statistics/items?country_iso3_code=ZMB&bgs_commodity_trans=cobalt%2C%20mine"
"cobalt","2000","3342","tonnes (metal content), mine production","British Geological Survey, World Mineral Statistics (OGC API, world-mineral-statistics collection)","https://ogcapi.bgs.ac.uk/collections/world-mineral-statistics/items?country_iso3_code=ZMB&bgs_commodity_trans=cobalt%2C%20mine"
"cobalt","2001","4665","tonnes (metal content), mine production","British Geological Survey, World Mineral Statistics (OGC API, world-mineral-statistics collection)","https://ogcapi.bgs.ac.uk/collections/world-mineral-statistics/items?country_iso3_code=ZMB&bgs_commodity_trans=cobalt%2C%20mine"
"cobalt","2002","6144","tonnes (metal content), mine production","British Geological Survey, World Mineral Statistics (OGC API, world-mineral-statistics collection)","https://ogcapi.bgs.ac.uk/collections/world-mineral-statistics/items?country_iso3_code=ZMB&bgs_commodity_trans=cobalt%2C%20mine"
"cobalt","2003","6620","tonnes (metal content), mine production","British Geological Survey, World Mineral Statistics (OGC API, world-mineral-statistics collection)","https://ogcapi.bgs.ac.uk/collections/world-mineral-statistics/items?country_iso3_code=ZMB&bgs_commodity_trans=cobalt%2C%20mine"
"cobalt","2004","5791","tonnes (metal content), mine production","British Geological Survey, World Mineral Statistics (OGC API, world-mineral-statistics collection)","https://ogcapi.bgs.ac.uk/collections/world-mineral-statistics/items?country_iso3_code=ZMB&bgs_commodity_trans=cobalt%2C%20mine"
"cobalt","2005","5422","tonnes (metal content), mine production","British Geological Survey, World Mineral Statistics (OGC API, world-mineral-statistics collection)","https://ogcapi.bgs.ac.uk/collections/world-mineral-statistics/items?country_iso3_code=ZMB&bgs_commodity_trans=cobalt%2C%20mine"
"cobalt","2006","4665","tonnes (metal content), mine production","British Geological Survey, World Mineral Statistics (OGC API, world-mineral-statistics collection)","https://ogcapi.bgs.ac.uk/collections/world-mineral-statistics/items?country_iso3_code=ZMB&bgs_commodity_trans=cobalt%2C%20mine"
"cobalt","2007","4335","tonnes (metal content), mine production","British Geological Survey, World Mineral Statistics (OGC API, world-mineral-statistics collection)","https://ogcapi.bgs.ac.uk/collections/world-mineral-statistics/items?country_iso3_code=ZMB&bgs_commodity_trans=cobalt%2C%20mine"
"cobalt","2008","4041","tonnes (metal content), mine production","British Geological Survey, World Mineral Statistics (OGC API, world-mineral-statistics collection)","https://ogcapi.bgs.ac.uk/collections/world-mineral-statistics/items?country_iso3_code=ZMB&bgs_commodity_trans=cobalt%2C%20mine"
"cobalt","2009","1535","tonnes (metal content), mine production","British Geological Survey, World Mineral Statistics (OGC API, world-mineral-statistics collection)","https://ogcapi.bgs.ac.uk/collections/world-mineral-statistics/items?country_iso3_code=ZMB&bgs_commodity_trans=cobalt%2C%20mine"
"cobalt","2010","5134","tonnes (metal content), mine production","British Geological Survey, World Mineral Statistics (OGC API, world-mineral-statistics collection)","https://ogcapi.bgs.ac.uk/collections/world-mineral-statistics/items?country_iso3_code=ZMB&bgs_commodity_trans=cobalt%2C%20mine"
"cobalt","2011","5956","tonnes (metal content), mine production","British Geological Survey, World Mineral Statistics (OGC API, world-mineral-statistics collection)","https://ogcapi.bgs.ac.uk/collections/world-mineral-statistics/items?country_iso3_code=ZMB&bgs_commodity_trans=cobalt%2C%20mine"
"cobalt","2012","5665","tonnes (metal content), mine production","British Geological Survey, World Mineral Statistics (OGC API, world-mineral-statistics collection)","https://ogcapi.bgs.ac.uk/collections/world-mineral-statistics/items?country_iso3_code=ZMB&bgs_commodity_trans=cobalt%2C%20mine"
"cobalt","2013","5658","tonnes (metal content), mine production","British Geological Survey, World Mineral Statistics (OGC API, world-mineral-statistics collection)","https://ogcapi.bgs.ac.uk/collections/world-mineral-statistics/items?country_iso3_code=ZMB&bgs_commodity_trans=cobalt%2C%20mine"
"cobalt","2014","4562","tonnes (metal content), mine production","British Geological Survey, World Mineral Statistics (OGC API, world-mineral-statistics collection)","https://ogcapi.bgs.ac.uk/collections/world-mineral-statistics/items?country_iso3_code=ZMB&bgs_commodity_trans=cobalt%2C%20mine"
"cobalt","2015","2979","tonnes (metal content), mine production","British Geological Survey, World Mineral Statistics (OGC API, world-mineral-statistics collection)","https://ogcapi.bgs.ac.uk/collections/world-mineral-statistics/items?country_iso3_code=ZMB&bgs_commodity_trans=cobalt%2C%20mine"
"cobalt","2016","5276","tonnes (metal content), mine production","British Geological Survey, World Mineral Statistics (OGC API, world-mineral-statistics collection)","https://ogcapi.bgs.ac.uk/collections/world-mineral-statistics/items?country_iso3_code=ZMB&bgs_commodity_trans=cobalt%2C%20mine"
"cobalt","2017","760","tonnes (metal content), mine production","British Geological Survey, World Mineral Statistics (OGC API, world-mineral-statistics collection)","https://ogcapi.bgs.ac.uk/collections/world-mineral-statistics/items?country_iso3_code=ZMB&bgs_commodity_trans=cobalt%2C%20mine"
"cobalt","2018","835","tonnes (metal content), mine production","British Geological Survey, World Mineral Statistics (OGC API, world-mineral-statistics collection)","https://ogcapi.bgs.ac.uk/collections/world-mineral-statistics/items?country_iso3_code=ZMB&bgs_commodity_trans=cobalt%2C%20mine"
"cobalt","2019","367","tonnes (metal content), mine production","British Geological Survey, World Mineral Statistics (OGC API, world-mineral-statistics collection)","https://ogcapi.bgs.ac.uk/collections/world-mineral-statistics/items?country_iso3_code=ZMB&bgs_commodity_trans=cobalt%2C%20mine"
"cobalt","2020","287","tonnes (metal content), mine production","British Geological Survey, World Mineral Statistics (OGC API, world-mineral-statistics collection)","https://ogcapi.bgs.ac.uk/collections/world-mineral-statistics/items?country_iso3_code=ZMB&bgs_commodity_trans=cobalt%2C%20mine"
"cobalt","2021","240","tonnes (metal content), mine production","British Geological Survey, World Mineral Statistics (OGC API, world-mineral-statistics collection)","https://ogcapi.bgs.ac.uk/collections/world-mineral-statistics/items?country_iso3_code=ZMB&bgs_commodity_trans=cobalt%2C%20mine"
"cobalt","2022","252","tonnes (metal content), mine production","British Geological Survey, World Mineral Statistics (OGC API, world-mineral-statistics collection)","https://ogcapi.bgs.ac.uk/collections/world-mineral-statistics/items?country_iso3_code=ZMB&bgs_commodity_trans=cobalt%2C%20mine"
"cobalt","2023","1507","tonnes (metal content), mine production","British Geological Survey, World Mineral Statistics (OGC API, world-mineral-statistics collection)","https://ogcapi.bgs.ac.uk/collections/world-mineral-statistics/items?country_iso3_code=ZMB&bgs_commodity_trans=cobalt%2C%20mine"
"cobalt","2024","1410","tonnes (metal content), mine production","British Geological Survey, World Mineral Statistics (OGC API, world-mineral-statistics collection)","https://ogcapi.bgs.ac.uk/collections/world-mineral-statistics/items?country_iso3_code=ZMB&bgs_commodity_trans=cobalt%2C%20mine"
"copper","1964","632349","tonnes (metal content), mine production (converted from long tons)","British Geological Survey / Institute of Geological Sciences, Statistical Summary of the Mineral Industry 1964-1969","https://nora.nerc.ac.uk/id/eprint/535266/1/SS_1964_1969.pdf"
"copper","1965","695741","tonnes (metal content), mine production (converted from long tons)","British Geological Survey / Institute of Geological Sciences, Statistical Summary of the Mineral Industry 1964-1969","https://nora.nerc.ac.uk/id/eprint/535266/1/SS_1964_1969.pdf"
"copper","1966","623440","tonnes (metal content), mine production (converted from long tons)","British Geological Survey / Institute of Geological Sciences, Statistical Summary of the Mineral Industry 1964-1969","https://nora.nerc.ac.uk/id/eprint/535266/1/SS_1964_1969.pdf"
"copper","1967","662971","tonnes (metal content), mine production (converted from long tons)","British Geological Survey / Institute of Geological Sciences, Statistical Summary of the Mineral Industry 1964-1969","https://nora.nerc.ac.uk/id/eprint/535266/1/SS_1964_1969.pdf"
"copper","1968","664885","tonnes (metal content), mine production (converted from long tons)","British Geological Survey / Institute of Geological Sciences, Statistical Summary of the Mineral Industry 1964-1969","https://nora.nerc.ac.uk/id/eprint/535266/1/SS_1964_1969.pdf"
"copper","1969","748115","tonnes (metal content), mine production (converted from long tons)","British Geological Survey / Institute of Geological Sciences, Statistical Summary of the Mineral Industry 1964-1969","https://nora.nerc.ac.uk/id/eprint/535266/1/SS_1964_1969.pdf"
"copper","1970","684100","tonnes (metal content), mine production","British Geological Survey, World Mineral Statistics (OGC API, world-mineral-statistics collection)","https://ogcapi.bgs.ac.uk/collections/world-mineral-statistics/items?country_iso3_code=ZMB&bgs_commodity_trans=copper%2C%20mine"
"copper","1971","651400","tonnes (metal content), mine production","British Geological Survey, World Mineral Statistics (OGC API, world-mineral-statistics collection)","https://ogcapi.bgs.ac.uk/collections/world-mineral-statistics/items?country_iso3_code=ZMB&bgs_commodity_trans=copper%2C%20mine"
"copper","1972","717700","tonnes (metal content), mine production","British Geological Survey, World Mineral Statistics (OGC API, world-mineral-statistics collection)","https://ogcapi.bgs.ac.uk/collections/world-mineral-statistics/items?country_iso3_code=ZMB&bgs_commodity_trans=copper%2C%20mine"
"copper","1973","706574","tonnes (metal content), mine production","British Geological Survey, World Mineral Statistics (OGC API, world-mineral-statistics collection)","https://ogcapi.bgs.ac.uk/collections/world-mineral-statistics/items?country_iso3_code=ZMB&bgs_commodity_trans=copper%2C%20mine"
"copper","1974","697956","tonnes (metal content), mine production","British Geological Survey, World Mineral Statistics (OGC API, world-mineral-statistics collection)","https://ogcapi.bgs.ac.uk/collections/world-mineral-statistics/items?country_iso3_code=ZMB&bgs_commodity_trans=copper%2C%20mine"
"copper","1975","647163","tonnes (metal content), mine production","British Geological Survey, World Mineral Statistics (OGC API, world-mineral-statistics collection)","https://ogcapi.bgs.ac.uk/collections/world-mineral-statistics/items?country_iso3_code=ZMB&bgs_commodity_trans=copper%2C%20mine"
"copper","1976","711681","tonnes (metal content), mine production","British Geological Survey, World Mineral Statistics (OGC API, world-mineral-statistics collection)","https://ogcapi.bgs.ac.uk/collections/world-mineral-statistics/items?country_iso3_code=ZMB&bgs_commodity_trans=copper%2C%20mine"
"copper","1977","658788","tonnes (metal content), mine production","British Geological Survey, World Mineral Statistics (OGC API, world-mineral-statistics collection)","https://ogcapi.bgs.ac.uk/collections/world-mineral-statistics/items?country_iso3_code=ZMB&bgs_commodity_trans=copper%2C%20mine"
"copper","1978","654012","tonnes (metal content), mine production","British Geological Survey, World Mineral Statistics (OGC API, world-mineral-statistics collection)","https://ogcapi.bgs.ac.uk/collections/world-mineral-statistics/items?country_iso3_code=ZMB&bgs_commodity_trans=copper%2C%20mine"
"copper","1979","586046","tonnes (metal content), mine production","British Geological Survey, World Mineral Statistics (OGC API, world-mineral-statistics collection)","https://ogcapi.bgs.ac.uk/collections/world-mineral-statistics/items?country_iso3_code=ZMB&bgs_commodity_trans=copper%2C%20mine"
"copper","1980","609935","tonnes (metal content), mine production","British Geological Survey, World Mineral Statistics (OGC API, world-mineral-statistics collection)","https://ogcapi.bgs.ac.uk/collections/world-mineral-statistics/items?country_iso3_code=ZMB&bgs_commodity_trans=copper%2C%20mine"
"copper","1981","587442","tonnes (metal content), mine production","British Geological Survey, World Mineral Statistics (OGC API, world-mineral-statistics collection)","https://ogcapi.bgs.ac.uk/collections/world-mineral-statistics/items?country_iso3_code=ZMB&bgs_commodity_trans=copper%2C%20mine"
"copper","1982","529641","tonnes (metal content), mine production","British Geological Survey, World Mineral Statistics (OGC API, world-mineral-statistics collection)","https://ogcapi.bgs.ac.uk/collections/world-mineral-statistics/items?country_iso3_code=ZMB&bgs_commodity_trans=copper%2C%20mine"
"copper","1983","591300","tonnes (metal content), mine production","British Geological Survey, World Mineral Statistics (OGC API, world-mineral-statistics collection)","https://ogcapi.bgs.ac.uk/collections/world-mineral-statistics/items?country_iso3_code=ZMB&bgs_commodity_trans=copper%2C%20mine"
"copper","1984","576000","tonnes (metal content), mine production","British Geological Survey, World Mineral Statistics (OGC API, world-mineral-statistics collection)","https://ogcapi.bgs.ac.uk/collections/world-mineral-statistics/items?country_iso3_code=ZMB&bgs_commodity_trans=copper%2C%20mine"
"copper","1985","510800","tonnes (metal content), mine production","British Geological Survey, World Mineral Statistics (OGC API, world-mineral-statistics collection)","https://ogcapi.bgs.ac.uk/collections/world-mineral-statistics/items?country_iso3_code=ZMB&bgs_commodity_trans=copper%2C%20mine"
"copper","1986","512858","tonnes (metal content), mine production","British Geological Survey, World Mineral Statistics (OGC API, world-mineral-statistics collection)","https://ogcapi.bgs.ac.uk/collections/world-mineral-statistics/items?country_iso3_code=ZMB&bgs_commodity_trans=copper%2C%20mine"
"copper","1987","527000","tonnes (metal content), mine production","British Geological Survey, World Mineral Statistics (OGC API, world-mineral-statistics collection)","https://ogcapi.bgs.ac.uk/collections/world-mineral-statistics/items?country_iso3_code=ZMB&bgs_commodity_trans=copper%2C%20mine"
"copper","1988","518062","tonnes (metal content), mine production","British Geological Survey, World Mineral Statistics (OGC API, world-mineral-statistics collection)","https://ogcapi.bgs.ac.uk/collections/world-mineral-statistics/items?country_iso3_code=ZMB&bgs_commodity_trans=copper%2C%20mine"
"copper","1989","540079","tonnes (metal content), mine production","British Geological Survey, World Mineral Statistics (OGC API, world-mineral-statistics collection)","https://ogcapi.bgs.ac.uk/collections/world-mineral-statistics/items?country_iso3_code=ZMB&bgs_commodity_trans=copper%2C%20mine"
"copper","1990","545677","tonnes (metal content), mine production","British Geological Survey, World Mineral Statistics (OGC API, world-mineral-statistics collection)","https://ogcapi.bgs.ac.uk/collections/world-mineral-statistics/items?country_iso3_code=ZMB&bgs_commodity_trans=copper%2C%20mine"
"copper","1991","423000","tonnes (metal content), mine production","British Geological Survey, World Mineral Statistics (OGC API, world-mineral-statistics collection)","https://ogcapi.bgs.ac.uk/collections/world-mineral-statistics/items?country_iso3_code=ZMB&bgs_commodity_trans=copper%2C%20mine"
"copper","1992","432600","tonnes (metal content), mine production","British Geological Survey, World Mineral Statistics (OGC API, world-mineral-statistics collection)","https://ogcapi.bgs.ac.uk/collections/world-mineral-statistics/items?country_iso3_code=ZMB&bgs_commodity_trans=copper%2C%20mine"
"copper","1993","431500","tonnes (metal content), mine production","British Geological Survey, World Mineral Statistics (OGC API, world-mineral-statistics collection)","https://ogcapi.bgs.ac.uk/collections/world-mineral-statistics/items?country_iso3_code=ZMB&bgs_commodity_trans=copper%2C%20mine"
"copper","1994","384400","tonnes (metal content), mine production","British Geological Survey, World Mineral Statistics (OGC API, world-mineral-statistics collection)","https://ogcapi.bgs.ac.uk/collections/world-mineral-statistics/items?country_iso3_code=ZMB&bgs_commodity_trans=copper%2C%20mine"
"copper","1995","341938","tonnes (metal content), mine production","British Geological Survey, World Mineral Statistics (OGC API, world-mineral-statistics collection)","https://ogcapi.bgs.ac.uk/collections/world-mineral-statistics/items?country_iso3_code=ZMB&bgs_commodity_trans=copper%2C%20mine"
"copper","1996","339744","tonnes (metal content), mine production","British Geological Survey, World Mineral Statistics (OGC API, world-mineral-statistics collection)","https://ogcapi.bgs.ac.uk/collections/world-mineral-statistics/items?country_iso3_code=ZMB&bgs_commodity_trans=copper%2C%20mine"
"copper","1997","331235","tonnes (metal content), mine production","British Geological Survey, World Mineral Statistics (OGC API, world-mineral-statistics collection)","https://ogcapi.bgs.ac.uk/collections/world-mineral-statistics/items?country_iso3_code=ZMB&bgs_commodity_trans=copper%2C%20mine"
"copper","1998","378798","tonnes (metal content), mine production","British Geological Survey, World Mineral Statistics (OGC API, world-mineral-statistics collection)","https://ogcapi.bgs.ac.uk/collections/world-mineral-statistics/items?country_iso3_code=ZMB&bgs_commodity_trans=copper%2C%20mine"
"copper","1999","270995","tonnes (metal content), mine production","British Geological Survey, World Mineral Statistics (OGC API, world-mineral-statistics collection)","https://ogcapi.bgs.ac.uk/collections/world-mineral-statistics/items?country_iso3_code=ZMB&bgs_commodity_trans=copper%2C%20mine"
"copper","2000","249304","tonnes (metal content), mine production","British Geological Survey, World Mineral Statistics (OGC API, world-mineral-statistics collection)","https://ogcapi.bgs.ac.uk/collections/world-mineral-statistics/items?country_iso3_code=ZMB&bgs_commodity_trans=copper%2C%20mine"
"copper","2001","306909","tonnes (metal content), mine production","British Geological Survey, World Mineral Statistics (OGC API, world-mineral-statistics collection)","https://ogcapi.bgs.ac.uk/collections/world-mineral-statistics/items?country_iso3_code=ZMB&bgs_commodity_trans=copper%2C%20mine"
"copper","2002","307834","tonnes (metal content), mine production","British Geological Survey, World Mineral Statistics (OGC API, world-mineral-statistics collection)","https://ogcapi.bgs.ac.uk/collections/world-mineral-statistics/items?country_iso3_code=ZMB&bgs_commodity_trans=copper%2C%20mine"
"copper","2003","346900","tonnes (metal content), mine production","British Geological Survey, World Mineral Statistics (OGC API, world-mineral-statistics collection)","https://ogcapi.bgs.ac.uk/collections/world-mineral-statistics/items?country_iso3_code=ZMB&bgs_commodity_trans=copper%2C%20mine"
"copper","2004","410300","tonnes (metal content), mine production","British Geological Survey, World Mineral Statistics (OGC API, world-mineral-statistics collection)","https://ogcapi.bgs.ac.uk/collections/world-mineral-statistics/items?country_iso3_code=ZMB&bgs_commodity_trans=copper%2C%20mine"
"copper","2005","465002","tonnes (metal content), mine production","British Geological Survey, World Mineral Statistics (OGC API, world-mineral-statistics collection)","https://ogcapi.bgs.ac.uk/collections/world-mineral-statistics/items?country_iso3_code=ZMB&bgs_commodity_trans=copper%2C%20mine"
"copper","2006","497169","tonnes (metal content), mine production","British Geological Survey, World Mineral Statistics (OGC API, world-mineral-statistics collection)","https://ogcapi.bgs.ac.uk/collections/world-mineral-statistics/items?country_iso3_code=ZMB&bgs_commodity_trans=copper%2C%20mine"
"copper","2007","524000","tonnes (metal content), mine production","British Geological Survey, World Mineral Statistics (OGC API, world-mineral-statistics collection)","https://ogcapi.bgs.ac.uk/collections/world-mineral-statistics/items?country_iso3_code=ZMB&bgs_commodity_trans=copper%2C%20mine"
"copper","2008","567700","tonnes (metal content), mine production","British Geological Survey, World Mineral Statistics (OGC API, world-mineral-statistics collection)","https://ogcapi.bgs.ac.uk/collections/world-mineral-statistics/items?country_iso3_code=ZMB&bgs_commodity_trans=copper%2C%20mine"
"copper","2009","601200","tonnes (metal content), mine production","British Geological Survey, World Mineral Statistics (OGC API, world-mineral-statistics collection)","https://ogcapi.bgs.ac.uk/collections/world-mineral-statistics/items?country_iso3_code=ZMB&bgs_commodity_trans=copper%2C%20mine"
"copper","2010","767008","tonnes (metal content), mine production","British Geological Survey, World Mineral Statistics (OGC API, world-mineral-statistics collection)","https://ogcapi.bgs.ac.uk/collections/world-mineral-statistics/items?country_iso3_code=ZMB&bgs_commodity_trans=copper%2C%20mine"
"copper","2011","663400","tonnes (metal content), mine production","British Geological Survey, World Mineral Statistics (OGC API, world-mineral-statistics collection)","https://ogcapi.bgs.ac.uk/collections/world-mineral-statistics/items?country_iso3_code=ZMB&bgs_commodity_trans=copper%2C%20mine"
"copper","2012","695200","tonnes (metal content), mine production","British Geological Survey, World Mineral Statistics (OGC API, world-mineral-statistics collection)","https://ogcapi.bgs.ac.uk/collections/world-mineral-statistics/items?country_iso3_code=ZMB&bgs_commodity_trans=copper%2C%20mine"
"copper","2013","759800","tonnes (metal content), mine production","British Geological Survey, World Mineral Statistics (OGC API, world-mineral-statistics collection)","https://ogcapi.bgs.ac.uk/collections/world-mineral-statistics/items?country_iso3_code=ZMB&bgs_commodity_trans=copper%2C%20mine"
"copper","2014","708259","tonnes (metal content), mine production","British Geological Survey, World Mineral Statistics (OGC API, world-mineral-statistics collection)","https://ogcapi.bgs.ac.uk/collections/world-mineral-statistics/items?country_iso3_code=ZMB&bgs_commodity_trans=copper%2C%20mine"
"copper","2015","710860","tonnes (metal content), mine production","British Geological Survey, World Mineral Statistics (OGC API, world-mineral-statistics collection)","https://ogcapi.bgs.ac.uk/collections/world-mineral-statistics/items?country_iso3_code=ZMB&bgs_commodity_trans=copper%2C%20mine"
"copper","2016","725359","tonnes (metal content), mine production","British Geological Survey, World Mineral Statistics (OGC API, world-mineral-statistics collection)","https://ogcapi.bgs.ac.uk/collections/world-mineral-statistics/items?country_iso3_code=ZMB&bgs_commodity_trans=copper%2C%20mine"
"copper","2017","797266","tonnes (metal content), mine production","British Geological Survey, World Mineral Statistics (OGC API, world-mineral-statistics collection)","https://ogcapi.bgs.ac.uk/collections/world-mineral-statistics/items?country_iso3_code=ZMB&bgs_commodity_trans=copper%2C%20mine"
"copper","2018","875848","tonnes (metal content), mine production","British Geological Survey, World Mineral Statistics (OGC API, world-mineral-statistics collection)","https://ogcapi.bgs.ac.uk/collections/world-mineral-statistics/items?country_iso3_code=ZMB&bgs_commodity_trans=copper%2C%20mine"
"copper","2019","787699","tonnes (metal content), mine production","British Geological Survey, World Mineral Statistics (OGC API, world-mineral-statistics collection)","https://ogcapi.bgs.ac.uk/collections/world-mineral-statistics/items?country_iso3_code=ZMB&bgs_commodity_trans=copper%2C%20mine"
"copper","2020","837996","tonnes (metal content), mine production","British Geological Survey, World Mineral Statistics (OGC API, world-mineral-statistics collection)","https://ogcapi.bgs.ac.uk/collections/world-mineral-statistics/items?country_iso3_code=ZMB&bgs_commodity_trans=copper%2C%20mine"
"copper","2021","803747","tonnes (metal content), mine production","British Geological Survey, World Mineral Statistics (OGC API, world-mineral-statistics collection)","https://ogcapi.bgs.ac.uk/collections/world-mineral-statistics/items?country_iso3_code=ZMB&bgs_commodity_trans=copper%2C%20mine"
"copper","2022","763550","tonnes (metal content), mine production","British Geological Survey, World Mineral Statistics (OGC API, world-mineral-statistics collection)","https://ogcapi.bgs.ac.uk/collections/world-mineral-statistics/items?country_iso3_code=ZMB&bgs_commodity_trans=copper%2C%20mine"
"copper","2023","732583","tonnes (metal content), mine production","British Geological Survey, World Mineral Statistics (OGC API, world-mineral-statistics collection)","https://ogcapi.bgs.ac.uk/collections/world-mineral-statistics/items?country_iso3_code=ZMB&bgs_commodity_trans=copper%2C%20mine"
"copper","2024","820676","tonnes (metal content), mine production","British Geological Survey, World Mineral Statistics (OGC API, world-mineral-statistics collection)","https://ogcapi.bgs.ac.uk/collections/world-mineral-statistics/items?country_iso3_code=ZMB&bgs_commodity_trans=copper%2C%20mine"
"copper","2025","890346","tonnes, national copper production as reported by Zambia Ministry of Mines (ministry basis; ministry's 2024 comparator was 825,513 t vs BGS 820,676 t)","Reuters via Mining.com, 'Zambia's 2025 copper production up 8%, misses target' (27 Jan 2026)","https://www.mining.com/web/zambias-2025-copper-production-up-8-misses-target/"
"emerald","2007","2100","KILOGRAMS (not tonnes) of emerald, national production; 1 kg = 5,000 carats","USGS Minerals Yearbook, Zambia 2011 chapter, Table 1","https://d9-wret.s3.us-west-2.amazonaws.com/assets/palladium/production/mineral-pubs/country/2011/myb3-2011-za.pdf"
"emerald","2008","1600","KILOGRAMS (not tonnes) of emerald, national production; 1 kg = 5,000 carats","USGS Minerals Yearbook, Zambia 2011 chapter, Table 1","https://d9-wret.s3.us-west-2.amazonaws.com/assets/palladium/production/mineral-pubs/country/2011/myb3-2011-za.pdf"
"emerald","2009","37850","KILOGRAMS (not tonnes) of emerald, national production; 1 kg = 5,000 carats","USGS Minerals Yearbook, Zambia 2011 chapter, Table 1 (reported figure)","https://d9-wret.s3.us-west-2.amazonaws.com/assets/palladium/production/mineral-pubs/country/2011/myb3-2011-za.pdf"
"emerald","2010","21086","KILOGRAMS (not tonnes) of emerald, national production; 1 kg = 5,000 carats","USGS Minerals Yearbook, Zambia 2011 chapter, Table 1 (reported figure)","https://d9-wret.s3.us-west-2.amazonaws.com/assets/palladium/production/mineral-pubs/country/2011/myb3-2011-za.pdf"
"emerald","2015","36000","KILOGRAMS (not tonnes) of emerald, national production; 1 kg = 5,000 carats","USGS Minerals Yearbook, Zambia 2019 chapter, Table 1 (estimate)","https://pubs.usgs.gov/myb/vol3/2019/myb3-2019-zambia.pdf"
"emerald","2016","49000","KILOGRAMS (not tonnes) of emerald, national production; 1 kg = 5,000 carats","USGS Minerals Yearbook, Zambia 2019 chapter, Table 1 (estimate)","https://pubs.usgs.gov/myb/vol3/2019/myb3-2019-zambia.pdf"
"emerald","2017","38000","KILOGRAMS (not tonnes) of emerald, national production; 1 kg = 5,000 carats","USGS Minerals Yearbook, Zambia 2020-21 chapter, Table 1 (estimate)","https://pubs.usgs.gov/myb/vol3/2020-21/myb3-2020-21-zambia.pdf"
"emerald","2018","12000","KILOGRAMS (not tonnes) of emerald, national production; 1 kg = 5,000 carats","USGS Minerals Yearbook, Zambia 2020-21 chapter, Table 1 (estimate)","https://pubs.usgs.gov/myb/vol3/2020-21/myb3-2020-21-zambia.pdf"
"emerald","2019","15400","KILOGRAMS (not tonnes) of emerald, national production; 1 kg = 5,000 carats","USGS Minerals Yearbook, Zambia 2020-21 chapter, Table 1 (estimate)","https://pubs.usgs.gov/myb/vol3/2020-21/myb3-2020-21-zambia.pdf"
"emerald","2020","6400","KILOGRAMS (not tonnes) of emerald, national production; 1 kg = 5,000 carats","USGS Minerals Yearbook, Zambia 2020-21 chapter, Table 1 (estimate; Kagem alone produced 1,880 kg / 9.4 million carats of emerald and beryl)","https://pubs.usgs.gov/myb/vol3/2020-21/myb3-2020-21-zambia.pdf"
"emerald","2021","8400","KILOGRAMS (not tonnes) of emerald, national production; 1 kg = 5,000 carats","USGS Minerals Yearbook, Zambia 2020-21 chapter, Table 1 (estimate; Kagem alone produced 6,400 kg / 32 million carats)","https://pubs.usgs.gov/myb/vol3/2020-21/myb3-2020-21-zambia.pdf"
